Time,Open,High,Low,Close,Volume
2024.01.02 00:00:00,1.10437,1.10451,1.1034,1.10347,10037
2024.01.02 04:00:00,1.10348,1.10358,1.10163,1.10331,17127
2024.01.02 08:00:00,1.10332,1.10389,1.10108,1.10152,36734
2024.01.02 12:00:00,1.1015,1.10171,1.0949200000000001,1.09528,47781
2024.01.02 16:00:00,1.09527,1.09684,1.09407,1.09506,68980
2024.01.02 20:00:00,1.09506,1.0956,1.09374,1.09407,24512
2024.01.03 00:00:00,1.09425,1.09547,1.09362,1.09513,11519
2024.01.03 04:00:00,1.09513,1.09629,1.09485,1.0951,11613
2024.01.03 08:00:00,1.0951,1.09655,1.09349,1.09364,31932
2024.01.03 12:00:00,1.09363,1.09391,1.091,1.09216,47487
2024.01.03 16:00:00,1.09216,1.0939,1.08979,1.09067,78781
2024.01.03 20:00:00,1.09068,1.0925799999999999,1.08925,1.09212,53469
2024.01.04 00:00:00,1.09205,1.09276,1.09056,1.09177,11053
2024.01.04 04:00:00,1.09177,1.09308,1.09156,1.09265,13463
2024.01.04 08:00:00,1.09265,1.09691,1.09205,1.09676,41475
2024.01.04 12:00:00,1.09677,1.09723,1.09326,1.09471,44873
2024.01.04 16:00:00,1.09471,1.09654,1.09382,1.09505,60802
2024.01.04 20:00:00,1.09505,1.09545,1.09428,1.09435,23594
2024.01.05 00:00:00,1.09443,1.09559,1.09405,1.09516,15605
2024.01.05 04:00:00,1.09516,1.09541,1.09338,1.09373,11823
2024.01.05 08:00:00,1.09374,1.09374,1.09027,1.09128,34415
2024.01.05 12:00:00,1.09128,1.09281,1.08769,1.09215,55707
2024.01.05 16:00:00,1.09217,1.09988,1.09216,1.09462,111451
2024.01.05 20:00:00,1.09461,1.09598,1.09352,1.09408,34574
2024.01.08 00:00:00,1.09331,1.0953,1.09326,1.09479,10363
2024.01.08 04:00:00,1.09479,1.09479,1.09303,1.09375,12790
2024.01.08 08:00:00,1.09375,1.09523,1.09225,1.0937000000000001,33958
2024.01.08 12:00:00,1.09374,1.09564,1.09342,1.09508,39588
2024.01.08 16:00:00,1.09508,1.09789,1.0949200000000001,1.09646,59628
2024.01.08 20:00:00,1.09646,1.09659,1.09487,1.09496,27084
2024.01.09 00:00:00,1.09525,1.09619,1.0945,1.0961400000000001,15694
2024.01.09 04:00:00,1.09615,1.09664,1.09477,1.09498,14316
2024.01.09 08:00:00,1.09496,1.0963,1.0937999999999999,1.0944099999999999,33727
2024.01.09 12:00:00,1.09442,1.09482,1.09286,1.09462,43367
2024.01.09 16:00:00,1.09462,1.09514,1.09101,1.09341,64002
2024.01.09 20:00:00,1.0934,1.09404,1.09198,1.09305,31202
2024.01.10 00:00:00,1.09305,1.09364,1.09231,1.09321,12589
2024.01.10 04:00:00,1.09321,1.0936,1.09275,1.09322,12032
2024.01.10 08:00:00,1.09321,1.09519,1.09228,1.09473,35473
2024.01.10 12:00:00,1.09472,1.09555,1.09403,1.09404,33061
2024.01.10 16:00:00,1.09403,1.09692,1.09318,1.0967,53264
2024.01.10 20:00:00,1.09671,1.0973,1.09592,1.09718,28144
2024.01.11 00:00:00,1.09716,1.09802,1.09659,1.09787,13186
2024.01.11 04:00:00,1.09787,1.09849,1.09754,1.09782,13018
2024.01.11 08:00:00,1.09781,1.09886,1.09589,1.09638,28590
2024.01.11 12:00:00,1.09637,1.10004,1.09354,1.094,59120
2024.01.11 16:00:00,1.094,1.0973600000000001,1.09299,1.09509,110574
2024.01.11 20:00:00,1.09508,1.0983,1.09497,1.09716,45170
2024.01.12 00:00:00,1.0962,1.09849,1.09613,1.09826,16233
2024.01.12 04:00:00,1.09825,1.09854,1.09729,1.09754,13020
2024.01.12 08:00:00,1.09755,1.09829,1.09609,1.09626,32590
2024.01.12 12:00:00,1.09625,1.09696,1.09358,1.09552,54963
2024.01.12 16:00:00,1.09552,1.09871,1.09468,1.09496,74951
2024.01.12 20:00:00,1.09496,1.09636,1.09474,1.09497,24262
2024.01.15 00:00:00,1.09472,1.09561,1.09406,1.09546,15138
2024.01.15 04:00:00,1.09547,1.0967500000000001,1.09547,1.09639,13762
2024.01.15 08:00:00,1.0964,1.09666,1.0943,1.09467,27897
2024.01.15 12:00:00,1.09467,1.09592,1.09335,1.09506,35959
2024.01.15 16:00:00,1.09506,1.09526,1.09379,1.09482,30106
2024.01.15 20:00:00,1.09482,1.09536,1.09461,1.09482,5602
2024.01.16 00:00:00,1.09468,1.0951,1.09152,1.09275,23975
2024.01.16 04:00:00,1.09277,1.09277,1.09122,1.0915300000000001,17923
2024.01.16 08:00:00,1.0915300000000001,1.09267,1.08839,1.08862,44228
2024.01.16 12:00:00,1.08862,1.08981,1.08714,1.08742,50880
2024.01.16 16:00:00,1.08743,1.08946,1.08619,1.0863,87842
2024.01.16 20:00:00,1.0863,1.08772,1.08627,1.08748,26624
2024.01.17 00:00:00,1.08743,1.08822,1.0862,1.08773,15121
2024.01.17 04:00:00,1.08773,1.08846,1.0860400000000001,1.08649,18099
2024.01.17 08:00:00,1.08649,1.08817,1.0855299999999999,1.08766,43715
2024.01.17 12:00:00,1.08765,1.0884,1.08514,1.08637,47912
2024.01.17 16:00:00,1.08638,1.08711,1.08444,1.0867,68878
2024.01.17 20:00:00,1.0867,1.08827,1.08562,1.08823,28798
2024.01.18 00:00:00,1.08814,1.09008,1.08792,1.0896,20898
2024.01.18 04:00:00,1.08962,1.09027,1.089,1.08948,16391
2024.01.18 08:00:00,1.08947,1.09069,1.08767,1.08846,34439
2024.01.18 12:00:00,1.08845,1.08961,1.08503,1.08524,44550
2024.01.18 16:00:00,1.08524,1.08702,1.08465,1.08596,70610
2024.01.18 20:00:00,1.08596,1.08771,1.0854,1.08757,29102
2024.01.19 00:00:00,1.0876,1.08872,1.08591,1.08855,14569
2024.01.19 04:00:00,1.08855,1.08895,1.08793,1.08808,12403
2024.01.19 08:00:00,1.08808,1.08864,1.0868,1.08829,29726
2024.01.19 12:00:00,1.08829,1.08931,1.0873,1.08803,30966
2024.01.19 16:00:00,1.08804,1.08935,1.08654,1.08897,60945
2024.01.19 20:00:00,1.08896,1.08974,1.08855,1.08968,24185
2024.01.22 00:00:00,1.08898,1.0905,1.08832,1.09018,18166
2024.01.22 04:00:00,1.09018,1.09093,1.08979,1.09015,13536
2024.01.22 08:00:00,1.09015,1.09096,1.08871,1.0897000000000001,29556
2024.01.22 12:00:00,1.0897000000000001,1.08994,1.08797,1.08917,36801
2024.01.22 16:00:00,1.08917,1.09,1.08816,1.08961,43915
2024.01.22 20:00:00,1.08961,1.08965,1.08801,1.0882,23934
2024.01.23 00:00:00,1.08816,1.08886,1.08756,1.08883,19935
2024.01.23 04:00:00,1.08883,1.0908,1.08847,1.09068,22474
2024.01.23 08:00:00,1.09068,1.09162,1.08836,1.08875,39551
2024.01.23 12:00:00,1.08875,1.08883,1.08601,1.08742,39574
2024.01.23 16:00:00,1.08742,1.08742,1.08215,1.08315,61939
2024.01.23 20:00:00,1.08314,1.08555,1.08302,1.08542,24349
2024.01.24 00:00:00,1.08547,1.086,1.0841,1.08579,11697
2024.01.24 04:00:00,1.08578,1.08662,1.0853,1.08616,13303
2024.01.24 08:00:00,1.08617,1.09078,1.08602,1.09028,39804
2024.01.24 12:00:00,1.09027,1.09274,1.08873,1.09249,41818
2024.01.24 16:00:00,1.09249,1.09325,1.08903,1.09052,73036
2024.01.24 20:00:00,1.09053,1.09061,1.08769,1.0884,33037
2024.01.25 00:00:00,1.0884,1.08865,1.087,1.08775,13146
2024.01.25 04:00:00,1.08775,1.0882,1.08742,1.08782,12094
2024.01.25 08:00:00,1.08782,1.08998,1.08753,1.08959,29542
2024.01.25 12:00:00,1.08959,1.09021,1.0866500000000001,1.0879,53357
2024.01.25 16:00:00,1.0879,1.0879,1.08239,1.08377,93472
2024.01.25 20:00:00,1.08379,1.08475,1.08213,1.08455,35021
2024.01.26 00:00:00,1.08455,1.08477,1.08356,1.08443,11283
2024.01.26 04:00:00,1.08443,1.08489,1.08379,1.08426,10771
2024.01.26 08:00:00,1.08426,1.08505,1.08128,1.08442,37165
2024.01.26 12:00:00,1.08442,1.08857,1.08441,1.0872,48671
2024.01.26 16:00:00,1.08721,1.08804,1.08549,1.08636,55427
2024.01.26 20:00:00,1.08636,1.0866,1.08512,1.08533,20941
2024.01.29 00:00:00,1.0844,1.08494,1.0838700000000001,1.08439,16320
2024.01.29 04:00:00,1.08439,1.08477,1.0839,1.08398,11187
2024.01.29 08:00:00,1.08399,1.08502,1.0823,1.08252,28850
2024.01.29 12:00:00,1.08252,1.08369,1.08136,1.0820400000000001,38255
2024.01.29 16:00:00,1.0820400000000001,1.08227,1.07957,1.08115,45276
2024.01.29 20:00:00,1.08114,1.08404,1.08091,1.08321,28852
2024.01.30 00:00:00,1.08314,1.08424,1.08242,1.08349,14132
2024.01.30 04:00:00,1.08348,1.08362,1.08214,1.08223,12667
2024.01.30 08:00:00,1.08224,1.08323,1.08116,1.08269,33534
2024.01.30 12:00:00,1.0827,1.085,1.08231,1.08346,37139
2024.01.30 16:00:00,1.08349,1.08575,1.08278,1.08389,72163
2024.01.30 20:00:00,1.08389,1.08486,1.08313,1.08451,23917
2024.01.31 00:00:00,1.08451,1.08481,1.0831,1.08314,13163
2024.01.31 04:00:00,1.08315,1.08315,1.08157,1.08203,18379
2024.01.31 08:00:00,1.08203,1.08368,1.08061,1.08223,36834
2024.01.31 12:00:00,1.08223,1.08627,1.08214,1.08574,46250
2024.01.31 16:00:00,1.08573,1.08876,1.08417,1.08496,90818
2024.01.31 20:00:00,1.08496,1.08642,1.07945,1.08174,116173
2024.02.01 00:00:00,1.08173,1.08203,1.08015,1.08089,15045
2024.02.01 04:00:00,1.08088,1.0822,1.08023,1.08027,17231
2024.02.01 08:00:00,1.08028,1.08053,1.07799,1.07987,39505
2024.02.01 12:00:00,1.07988,1.08275,1.07915,1.0814,50200
2024.02.01 16:00:00,1.08138,1.08748,1.08059,1.08728,99412
2024.02.01 20:00:00,1.08727,1.08749,1.08626,1.08709,40561
2024.02.02 00:00:00,1.0871,1.08799,1.08626,1.08714,11393
2024.02.02 04:00:00,1.08714,1.08825,1.08712,1.08774,12490
2024.02.02 08:00:00,1.08774,1.08976,1.08735,1.0890900000000001,26861
2024.02.02 12:00:00,1.0890900000000001,1.0895,1.08037,1.08074,47225
2024.02.02 16:00:00,1.08072,1.08172,1.07805,1.07835,84770
2024.02.02 20:00:00,1.07835,1.07974,1.07803,1.07858,30443
2024.02.05 00:00:00,1.07818,1.07863,1.0767,1.07783,26477
2024.02.05 04:00:00,1.0778,1.07823,1.07732,1.07819,15982
2024.02.05 08:00:00,1.0782,1.07862,1.07519,1.07538,34666
2024.02.05 12:00:00,1.07538,1.07588,1.0735999999999999,1.07375,38118
2024.02.05 16:00:00,1.07374,1.07451,1.07231,1.07389,60086
2024.02.05 20:00:00,1.0739,1.07466,1.07366,1.0742099999999999,24428
2024.02.06 00:00:00,1.07408,1.07473,1.0737,1.07453,10214
2024.02.06 04:00:00,1.07453,1.0754299999999999,1.07433,1.07533,15290
2024.02.06 08:00:00,1.07533,1.07625,1.0725500000000001,1.07292,32655
2024.02.06 12:00:00,1.07292,1.0744,1.07225,1.07304,26434
2024.02.06 16:00:00,1.07304,1.07552,1.0729,1.0751,38607
2024.02.06 20:00:00,1.07509,1.07574,1.07432,1.07539,18004
2024.02.07 00:00:00,1.07536,1.0765,1.07468,1.07633,7469
2024.02.07 04:00:00,1.07631,1.0766499999999999,1.07566,1.07626,9502
2024.02.07 08:00:00,1.07626,1.07736,1.07566,1.07693,19476
2024.02.07 12:00:00,1.07693,1.07841,1.07623,1.07701,24687
2024.02.07 16:00:00,1.07701,1.078,1.07556,1.07648,42317
2024.02.07 20:00:00,1.07647,1.07755,1.07643,1.07711,16067
2024.02.08 00:00:00,1.07711,1.078,1.076,1.07785,6506
2024.02.08 04:00:00,1.07785,1.07885,1.0778,1.07826,8671
2024.02.08 08:00:00,1.07825,1.07889,1.07684,1.0783,19253
2024.02.08 12:00:00,1.0783,1.07856,1.07414,1.07439,28244
2024.02.08 16:00:00,1.07437,1.07767,1.07433,1.07734,33225
2024.02.08 20:00:00,1.07734,1.07828,1.07724,1.07769,18776
2024.02.09 00:00:00,1.07771,1.0778699999999999,1.07721,1.07742,6239
2024.02.09 04:00:00,1.07742,1.07783,1.07692,1.0771,7044
2024.02.09 08:00:00,1.0771,1.0784799999999999,1.07661,1.07671,17894
2024.02.09 12:00:00,1.07671,1.07946,1.07622,1.0783,35476
2024.02.09 16:00:00,1.07828,1.07953,1.07749,1.07855,32735
2024.02.09 20:00:00,1.07855,1.0791,1.07796,1.07844,10253
2024.02.12 00:00:00,1.07785,1.07998,1.07775,1.07956,8947
2024.02.12 04:00:00,1.07956,1.07979,1.07891,1.07916,10923
2024.02.12 08:00:00,1.07916,1.08058,1.07668,1.07691,25992
2024.02.12 12:00:00,1.07692,1.07791,1.07609,1.07638,29912
2024.02.12 16:00:00,1.07639,1.07824,1.07557,1.07824,31173
2024.02.12 20:00:00,1.07821,1.07863,1.07678,1.07695,16769
2024.02.13 00:00:00,1.07712,1.07744,1.0763,1.07667,4691
2024.02.13 04:00:00,1.07666,1.07678,1.0760399999999999,1.07666,6073
2024.02.13 08:00:00,1.07667,1.07778,1.07566,1.07668,27910
2024.02.13 12:00:00,1.07669,1.07977,1.07028,1.07086,43716
2024.02.13 16:00:00,1.07086,1.07269,1.07002,1.07152,46852
2024.02.13 20:00:00,1.07153,1.07202,1.07003,1.07084,16951
2024.02.14 00:00:00,1.07083,1.07144,1.0703,1.07115,6650
2024.02.14 04:00:00,1.07114,1.07148,1.07079,1.07138,6878
2024.02.14 08:00:00,1.07139,1.07188,1.06945,1.07003,30962
2024.02.14 12:00:00,1.07002,1.07168,1.06962,1.07087,29559
2024.02.14 16:00:00,1.07088,1.07347,1.07064,1.07306,38124
2024.02.14 20:00:00,1.07308,1.07338,1.07242,1.07257,12536
2024.02.15 00:00:00,1.07241,1.07355,1.07229,1.07281,4844
2024.02.15 04:00:00,1.07282,1.07321,1.07244,1.07288,6008
2024.02.15 08:00:00,1.07289,1.07417,1.07269,1.07331,24804
2024.02.15 12:00:00,1.07331,1.07728,1.07306,1.07662,33129
2024.02.15 16:00:00,1.07662,1.0785,1.07551,1.07625,44910
2024.02.15 20:00:00,1.07624,1.07733,1.07602,1.07714,12976
2024.02.16 00:00:00,1.07705,1.07769,1.07608,1.07647,6526
2024.02.16 04:00:00,1.07648,1.0765,1.07571,1.07601,7583
2024.02.16 08:00:00,1.07601,1.07719,1.07583,1.07661,23005
2024.02.16 12:00:00,1.07661,1.07801,1.07319,1.07463,31282
2024.02.16 16:00:00,1.07463,1.07779,1.07407,1.07779,41059
2024.02.16 20:00:00,1.07778,1.07874,1.07727,1.07769,15297
2024.02.19 00:00:00,1.07722,1.07889,1.07706,1.07803,7566
2024.02.19 04:00:00,1.07803,1.07832,1.07746,1.07816,7233
2024.02.19 08:00:00,1.07817,1.07894,1.07721,1.07747,21793
2024.02.19 12:00:00,1.07748,1.07818,1.07674,1.077,21661
2024.02.19 16:00:00,1.077,1.07764,1.07618,1.07761,19961
2024.02.19 20:00:00,1.0776,1.07837,1.07757,1.07782,5910
2024.02.20 00:00:00,1.07785,1.078,1.07648,1.07658,8156
2024.02.20 04:00:00,1.07658,1.07709,1.07613,1.07678,8612
2024.02.20 08:00:00,1.07678,1.0799,1.07672,1.07976,26449
2024.02.20 12:00:00,1.07976,1.0825,1.07935,1.08232,35748
2024.02.20 16:00:00,1.08231,1.08389,1.08089,1.08118,38211
2024.02.20 20:00:00,1.08117,1.08131,1.08043,1.08068,14595
2024.02.21 00:00:00,1.08064,1.0812599999999999,1.08028,1.08119,6530
2024.02.21 04:00:00,1.08118,1.0819,1.08116,1.0815,8421
2024.02.21 08:00:00,1.08149,1.08153,1.07897,1.07996,26563
2024.02.21 12:00:00,1.07996,1.08116,1.07939,1.08101,27263
2024.02.21 16:00:00,1.08099,1.08201,1.08007,1.08075,34156
2024.02.21 20:00:00,1.08075,1.08245,1.07997,1.0818,23470
2024.02.22 00:00:00,1.08181,1.08318,1.08102,1.08267,7249
2024.02.22 04:00:00,1.0826500000000001,1.08379,1.08188,1.08332,9482
2024.02.22 08:00:00,1.0833,1.08884,1.0832600000000001,1.08529,37916
2024.02.22 12:00:00,1.08529,1.0859,1.08211,1.08233,33660
2024.02.22 16:00:00,1.08233,1.08246,1.08027,1.08201,41458
2024.02.22 20:00:00,1.08201,1.08263,1.08142,1.0822,13642
2024.02.23 00:00:00,1.08222,1.0832,1.08147,1.08268,6978
2024.02.23 04:00:00,1.08269,1.08307,1.08207,1.08226,6975
2024.02.23 08:00:00,1.08227,1.0832600000000001,1.08138,1.08174,23687
2024.02.23 12:00:00,1.08174,1.08396,1.08168,1.08319,29591
2024.02.23 16:00:00,1.08319,1.0836999999999999,1.08116,1.08247,34421
2024.02.23 20:00:00,1.08247,1.08295,1.08174,1.08184,12421
2024.02.26 00:00:00,1.0830899999999999,1.0830899999999999,1.08125,1.08162,12984
2024.02.26 04:00:00,1.08164,1.08241,1.0814,1.0823,6585
2024.02.26 08:00:00,1.08229,1.08405,1.08218,1.08399,23703
2024.02.26 12:00:00,1.084,1.08597,1.08383,1.08579,27645
2024.02.26 16:00:00,1.0858,1.08588,1.08386,1.08451,31790
2024.02.26 20:00:00,1.08452,1.08527,1.08394,1.08484,16416
2024.02.27 00:00:00,1.08502,1.08513,1.08449,1.08498,4767
2024.02.27 04:00:00,1.08499,1.08555,1.08479,1.08517,7528
2024.02.27 08:00:00,1.08519,1.08661,1.08468,1.08528,27581
2024.02.27 12:00:00,1.0853,1.08633,1.08416,1.08478,28705
2024.02.27 16:00:00,1.08478,1.0858,1.08328,1.08507,33534
2024.02.27 20:00:00,1.08508,1.08567,1.08406,1.0843099999999999,14944
2024.02.28 00:00:00,1.08432,1.08468,1.08374,1.08391,6326
2024.02.28 04:00:00,1.08392,1.08402,1.0825,1.08268,11356
2024.02.28 08:00:00,1.08267,1.08294,1.07963,1.07998,31097
2024.02.28 12:00:00,1.07998,1.08308,1.07992,1.08279,33577
2024.02.28 16:00:00,1.08279,1.0846,1.08212,1.08382,34792
2024.02.28 20:00:00,1.08383,1.08407,1.08322,1.08369,11931
2024.02.29 00:00:00,1.08372,1.08405,1.08277,1.08288,7425
2024.02.29 04:00:00,1.08288,1.08378,1.08284,1.08353,13478
2024.02.29 08:00:00,1.08352,1.08521,1.08256,1.08507,29669
2024.02.29 12:00:00,1.08505,1.08545,1.08217,1.08379,38539
2024.02.29 16:00:00,1.08378,1.0856,1.07957,1.07998,44311
2024.02.29 20:00:00,1.07998,1.08113,1.07982,1.08038,17785
2024.03.01 00:00:00,1.08045,1.08213,1.07963,1.08213,8461
2024.03.01 04:00:00,1.08212,1.08218,1.08107,1.08119,7379
2024.03.01 08:00:00,1.0812,1.082,1.08079,1.08154,23449
2024.03.01 12:00:00,1.08154,1.0824799999999999,1.07982,1.08128,32719
2024.03.01 16:00:00,1.08128,1.08418,1.07979,1.08376,40939
2024.03.01 20:00:00,1.08375,1.08433,1.08311,1.0838700000000001,14327
2024.03.04 00:00:00,1.084,1.08481,1.0829,1.084,14755
2024.03.04 04:00:00,1.084,1.08466,1.08383,1.08442,9001
2024.03.04 08:00:00,1.08439,1.0858,1.08375,1.0849199999999999,30276
2024.03.04 12:00:00,1.08491,1.08577,1.084,1.08486,24074
2024.03.04 16:00:00,1.08487,1.0867,1.08448,1.08578,32557
2024.03.04 20:00:00,1.08579,1.08606,1.0853,1.0853,11483
2024.03.05 00:00:00,1.08548,1.08581,1.08472,1.08493,11359
2024.03.05 04:00:00,1.08493,1.08548,1.08481,1.08527,7963
2024.03.05 08:00:00,1.08528,1.08559,1.08415,1.08514,27425
2024.03.05 12:00:00,1.08512,1.08549,1.08419,1.08462,24247
2024.03.05 16:00:00,1.08463,1.08765,1.08401,1.08598,37430
2024.03.05 20:00:00,1.08599,1.08601,1.08487,1.08545,17770
2024.03.06 00:00:00,1.0856,1.08588,1.08417,1.08437,9102
2024.03.06 04:00:00,1.08437,1.08569,1.08435,1.08549,11735
2024.03.06 08:00:00,1.08549,1.08778,1.08544,1.08763,25976
2024.03.06 12:00:00,1.08762,1.08849,1.08674,1.08845,29078
2024.03.06 16:00:00,1.08845,1.09154,1.08811,1.09022,44356
2024.03.06 20:00:00,1.09023,1.09077,1.08926,1.08973,22210
2024.03.07 00:00:00,1.08975,1.0907499999999999,1.08925,1.08977,10374
2024.03.07 04:00:00,1.08977,1.09056,1.08932,1.09002,10414
2024.03.07 08:00:00,1.09002,1.09043,1.08875,1.09016,25573
2024.03.07 12:00:00,1.09016,1.0902,1.08676,1.08722,32586
2024.03.07 16:00:00,1.08722,1.09419,1.0869,1.09369,45260
2024.03.07 20:00:00,1.09367,1.09493,1.09362,1.09465,13421
2024.03.08 00:00:00,1.09472,1.09557,1.09409,1.09478,9244
2024.03.08 04:00:00,1.09478,1.09507,1.09438,1.09464,8075
2024.03.08 08:00:00,1.09464,1.09512,1.0925799999999999,1.09353,28108
2024.03.08 12:00:00,1.09353,1.09813,1.09183,1.0958,35730
2024.03.08 16:00:00,1.0958,1.09667,1.09367,1.09392,45714
2024.03.08 20:00:00,1.09393,1.09439,1.09333,1.0937000000000001,15505
2024.03.11 00:00:00,1.09388,1.09466,1.09346,1.09404,11661
2024.03.11 04:00:00,1.09403,1.09442,1.09366,1.09411,8575
2024.03.11 08:00:00,1.09412,1.09483,1.09337,1.09346,21751
2024.03.11 12:00:00,1.09346,1.09436,1.09175,1.0919699999999999,24663
2024.03.11 16:00:00,1.09196,1.09303,1.09144,1.09251,27929
2024.03.11 20:00:00,1.09252,1.09268,1.09176,1.09249,14794
2024.03.12 00:00:00,1.09249,1.09343,1.09233,1.09335,5796
2024.03.12 04:00:00,1.09333,1.09389,1.09298,1.09382,7632
2024.03.12 08:00:00,1.09381,1.09395,1.09211,1.09303,21235
2024.03.12 12:00:00,1.09302,1.09436,1.09022,1.09107,14976
2024.03.12 16:00:00,1.09114,1.09207,1.09063,1.09193,11443
2024.03.12 20:00:00,1.09192,1.09273,1.09185,1.09261,3935
2024.03.13 00:00:00,1.09261,1.09296,1.09235,1.09239,3342
2024.03.13 04:00:00,1.09239,1.09306,1.09221,1.09286,3753
2024.03.13 08:00:00,1.09286,1.09327,1.09201,1.09232,7149
2024.03.13 12:00:00,1.09232,1.09474,1.09222,1.09371,8376
2024.03.13 16:00:00,1.09371,1.09637,1.09314,1.0957,10096
2024.03.13 20:00:00,1.0957,1.09584,1.09429,1.09473,4336
2024.03.14 00:00:00,1.09475,1.09547,1.09452,1.09487,3126
2024.03.14 04:00:00,1.09488,1.09498,1.0939,1.09396,2839
2024.03.14 08:00:00,1.09396,1.09443,1.09318,1.09413,7253
2024.03.14 12:00:00,1.09413,1.09453,1.09088,1.09117,12195
2024.03.14 16:00:00,1.09117,1.09141,1.0881,1.08864,11622
2024.03.14 20:00:00,1.08864,1.08919,1.08792,1.08845,4907
2024.03.15 00:00:00,1.08845,1.08851,1.08754,1.0877,3382
2024.03.15 04:00:00,1.08769,1.08781,1.08729,1.08769,3122
2024.03.15 08:00:00,1.08768,1.08995,1.08753,1.0898,7039
2024.03.15 12:00:00,1.08981,1.08996,1.08832,1.08862,8445
2024.03.15 16:00:00,1.08866,1.08943,1.08813,1.08837,9133
2024.03.15 20:00:00,1.08837,1.08914,1.08837,1.08872,3151
2024.03.18 00:00:00,1.08881,1.08905,1.08803,1.0889,3784
2024.03.18 04:00:00,1.0889199999999999,1.08917,1.08853,1.0887,3141
2024.03.18 08:00:00,1.0887,1.09005,1.08866,1.08993,5625
2024.03.18 12:00:00,1.08993,1.0906,1.08855,1.08889,7156
2024.03.18 16:00:00,1.0889,1.08932,1.08661,1.08685,8510
2024.03.18 20:00:00,1.08685,1.08737,1.08674,1.08728,2651
2024.03.19 00:00:00,1.08708,1.08745,1.08668,1.08682,3029
2024.03.19 04:00:00,1.08682,1.08765,1.08629,1.08641,5624
2024.03.19 08:00:00,1.08641,1.08684,1.08347,1.08366,8960
2024.03.19 12:00:00,1.08366,1.0857,1.08366,1.08541,9701
2024.03.19 16:00:00,1.08542,1.0867499999999999,1.08533,1.08634,8005
2024.03.19 20:00:00,1.08634,1.08666,1.0857,1.08645,4218
2024.03.20 00:00:00,1.08642,1.0866,1.08583,1.08642,2524
2024.03.20 04:00:00,1.08642,1.0871,1.08626,1.08657,2339
2024.03.20 08:00:00,1.08657,1.08719,1.08364,1.0839,6444
2024.03.20 12:00:00,1.0839,1.08456,1.08365,1.08447,6958
2024.03.20 16:00:00,1.08445,1.0867,1.08435,1.08636,6715
2024.03.20 20:00:00,1.08623,1.09227,1.086,1.09205,15662
2024.03.21 00:00:00,1.09196,1.09389,1.09186,1.09352,5352
2024.03.21 04:00:00,1.09352,1.09372,1.09316,1.09316,3163
2024.03.21 08:00:00,1.09316,1.09426,1.08872,1.0913,10250
2024.03.21 12:00:00,1.0913,1.09236,1.08835,1.08856,11703
2024.03.21 16:00:00,1.08856,1.0886,1.08557,1.08578,11744
2024.03.21 20:00:00,1.08577,1.0863,1.08528,1.08596,3674
2024.03.22 00:00:00,1.08596,1.08679,1.085,1.08504,3142
2024.03.22 04:00:00,1.08504,1.08524,1.08311,1.08414,4788
2024.03.22 08:00:00,1.0841,1.0841,1.08081,1.08162,8994
2024.03.22 12:00:00,1.08162,1.08311,1.08115,1.08295,8916
2024.03.22 16:00:00,1.08295,1.08316,1.08048,1.08058,8161
2024.03.22 20:00:00,1.08059,1.08096,1.08017,1.08062,2765
2024.03.25 00:00:00,1.08062,1.08197,1.08022,1.08169,3861
2024.03.25 04:00:00,1.08169,1.08223,1.08106,1.0822,3659
2024.03.25 08:00:00,1.08219,1.08237,1.08071,1.08175,5479
2024.03.25 12:00:00,1.08174,1.08378,1.08164,1.08349,6520
2024.03.25 16:00:00,1.08347,1.08423,1.08316,1.08363,6477
2024.03.25 20:00:00,1.08363,1.08408,1.08333,1.08355,3147
2024.03.26 00:00:00,1.08355,1.08455,1.08348,1.08404,3117
2024.03.26 04:00:00,1.08404,1.08481,1.08358,1.08471,3233
2024.03.26 08:00:00,1.08471,1.08557,1.08386,1.08537,7535
2024.03.26 12:00:00,1.08537,1.08643,1.08467,1.08527,9286
2024.03.26 16:00:00,1.08519,1.08549,1.08243,1.08304,8659
2024.03.26 20:00:00,1.08304,1.08348,1.08284,1.08312,3546
2024.03.27 00:00:00,1.08312,1.08327,1.08206,1.08234,3118
2024.03.27 04:00:00,1.08234,1.08303,1.08234,1.08262,3191
2024.03.27 08:00:00,1.08262,1.08391,1.08212,1.08276,7954
2024.03.27 12:00:00,1.08277,1.0835,1.08107,1.08168,8369
2024.03.27 16:00:00,1.08168,1.08258,1.08137,1.08191,9284
2024.03.27 20:00:00,1.08192,1.0829,1.08184,1.08262,4165
2024.03.28 00:00:00,1.08261,1.08261,1.0808,1.08178,3859
2024.03.28 04:00:00,1.08178,1.0826500000000001,1.08175,1.08236,3117
2024.03.28 08:00:00,1.08237,1.08239,1.07751,1.07754,7375
2024.03.28 12:00:00,1.07754,1.0818,1.0775,1.08113,9571
2024.03.28 16:00:00,1.08118,1.0818699999999999,1.07928,1.07962,10506
2024.03.28 20:00:00,1.07962,1.07985,1.07845,1.07881,6146
2024.03.29 00:00:00,1.07872,1.07923,1.07758,1.07758,3648
2024.03.29 04:00:00,1.07758,1.07791,1.07737,1.07748,2605
2024.03.29 08:00:00,1.07748,1.07822,1.07678,1.07822,3445
2024.03.29 12:00:00,1.07822,1.08052,1.07813,1.07984,5372
2024.03.29 16:00:00,1.07984,1.07993,1.07869,1.0788,5478
2024.03.29 20:00:00,1.0788,1.07956,1.07861,1.07917,1409
2024.04.01 00:00:00,1.0787,1.07987,1.07841,1.07912,4107
2024.04.01 04:00:00,1.07912,1.07945,1.07841,1.07867,3634
2024.04.01 08:00:00,1.07867,1.07921,1.07826,1.07897,3851
2024.04.01 12:00:00,1.07897,1.0790899999999999,1.07771,1.07817,4846
2024.04.01 16:00:00,1.07816,1.07829,1.07309,1.07364,10112
2024.04.01 20:00:00,1.07366,1.0744,1.07366,1.07422,3806
2024.04.02 00:00:00,1.07423,1.07436,1.07309,1.07371,3548
2024.04.02 04:00:00,1.07371,1.07382,1.07293,1.07332,3435
2024.04.02 08:00:00,1.07332,1.07428,1.07246,1.07312,7953
2024.04.02 12:00:00,1.07312,1.0756000000000001,1.07311,1.0749,8179
2024.04.02 16:00:00,1.0749,1.0779,1.0748,1.07682,11312
2024.04.02 20:00:00,1.07682,1.07692,1.07601,1.07687,3401
2024.04.03 00:00:00,1.07685,1.07729,1.07659,1.07688,2543
2024.04.03 04:00:00,1.07687,1.07794,1.07658,1.07746,3055
2024.04.03 08:00:00,1.07746,1.07774,1.0764,1.07712,5573
2024.04.03 12:00:00,1.07707,1.07864,1.07651,1.07778,8030
2024.04.03 16:00:00,1.07781,1.08362,1.0777700000000001,1.08305,14311
2024.04.03 20:00:00,1.08305,1.08369,1.08255,1.08355,5668
2024.04.04 00:00:00,1.08352,1.08435,1.08292,1.08432,2419
2024.04.04 04:00:00,1.08432,1.08447,1.08381,1.08426,2467
2024.04.04 08:00:00,1.08426,1.08626,1.08389,1.08619,6677
2024.04.04 12:00:00,1.08617,1.08703,1.08506,1.08697,6541
2024.04.04 16:00:00,1.08697,1.08764,1.08579,1.08587,7555
2024.04.04 20:00:00,1.08587,1.08618,1.08315,1.08362,8258
2024.04.05 00:00:00,1.08361,1.08439,1.08229,1.08415,5321
2024.04.05 04:00:00,1.08415,1.08432,1.08233,1.08263,3467
2024.04.05 08:00:00,1.08263,1.08463,1.08224,1.08375,6665
2024.04.05 12:00:00,1.08373,1.08479,1.08003,1.08092,8971
2024.04.05 16:00:00,1.08095,1.08443,1.07912,1.08356,13588
2024.04.05 20:00:00,1.08356,1.08389,1.08307,1.08363,5208
2024.04.08 00:00:00,1.0836999999999999,1.08375,1.0823,1.08271,3626
2024.04.08 04:00:00,1.0827,1.08432,1.08269,1.0832,4362
2024.04.08 08:00:00,1.08322,1.08377,1.08222,1.08234,7619
2024.04.08 12:00:00,1.08234,1.08356,1.08209,1.08342,6633
2024.04.08 16:00:00,1.08344,1.0859,1.08344,1.085,9414
2024.04.08 20:00:00,1.085,1.08622,1.08493,1.08585,3867
2024.04.09 00:00:00,1.08582,1.08634,1.08471,1.08586,2713
2024.04.09 04:00:00,1.08587,1.08622,1.08539,1.08564,3079
2024.04.09 08:00:00,1.08565,1.08626,1.0849199999999999,1.08575,5215
2024.04.09 12:00:00,1.08575,1.08839,1.08564,1.08805,6546
2024.04.09 16:00:00,1.08807,1.0885,1.08521,1.08545,9943
2024.04.09 20:00:00,1.0854300000000001,1.08587,1.08477,1.08563,4060
2024.04.10 00:00:00,1.08558,1.08597,1.08523,1.08572,3028
2024.04.10 04:00:00,1.08572,1.08588,1.08505,1.08524,3560
2024.04.10 08:00:00,1.08524,1.08605,1.08479,1.0860400000000001,5640
2024.04.10 12:00:00,1.0860400000000001,1.08664,1.07783,1.07807,9894
2024.04.10 16:00:00,1.07807,1.07812,1.07287,1.07361,15951
2024.04.10 20:00:00,1.07361,1.0754299999999999,1.0729,1.07416,10759
2024.04.11 00:00:00,1.07415,1.07458,1.07381,1.07424,3436
2024.04.11 04:00:00,1.07424,1.07489,1.07411,1.07462,3607
2024.04.11 08:00:00,1.07462,1.0749900000000001,1.07266,1.07405,7928
2024.04.11 12:00:00,1.07404,1.07469,1.07148,1.07414,12338
2024.04.11 16:00:00,1.07414,1.07563,1.06992,1.07175,15872
2024.04.11 20:00:00,1.07175,1.07345,1.07152,1.07252,6913
2024.04.12 00:00:00,1.07251,1.07289,1.07207,1.07259,1904
2024.04.12 04:00:00,1.07259,1.07282,1.07107,1.07113,3490
2024.04.12 08:00:00,1.07113,1.0714,1.06709,1.0671,8772
2024.04.12 12:00:00,1.06711,1.06749,1.06313,1.06382,10133
2024.04.12 16:00:00,1.06385,1.06508,1.06225,1.06418,14882
2024.04.12 20:00:00,1.06418,1.06505,1.0636700000000001,1.06406,6933
2024.04.15 00:00:00,1.0636,1.06508,1.06278,1.06455,4854
2024.04.15 04:00:00,1.06455,1.06547,1.06391,1.06524,4896
2024.04.15 08:00:00,1.06524,1.06648,1.065,1.06563,9880
2024.04.15 12:00:00,1.06563,1.06651,1.0631,1.0647,10308
2024.04.15 16:00:00,1.06471,1.06607,1.06219,1.0636,13853
2024.04.15 20:00:00,1.0636,1.06395,1.06203,1.06237,8278
2024.04.16 00:00:00,1.06234,1.06284,1.06178,1.06184,2770
2024.04.16 04:00:00,1.06184,1.06192,1.06062,1.0614,4864
2024.04.16 08:00:00,1.0614,1.06247,1.06023,1.06158,9895
2024.04.16 12:00:00,1.06159,1.06536,1.06159,1.06389,10268
2024.04.16 16:00:00,1.06389,1.06448,1.06187,1.06249,16229
2024.04.16 20:00:00,1.0625,1.06348,1.0601099999999999,1.06181,12260
2024.04.17 00:00:00,1.0618,1.06252,1.06119,1.06222,3268
2024.04.17 04:00:00,1.06222,1.06356,1.06203,1.06249,4214
2024.04.17 08:00:00,1.06249,1.06487,1.06061,1.06406,9973
2024.04.17 12:00:00,1.06404,1.06491,1.06314,1.06348,9869
2024.04.17 16:00:00,1.06348,1.06562,1.06299,1.06497,14946
2024.04.17 20:00:00,1.06497,1.06796,1.06479,1.0672,8780
2024.04.18 00:00:00,1.06702,1.06742,1.06642,1.06699,2545
2024.04.18 04:00:00,1.06699,1.06802,1.06644,1.06783,3767
2024.04.18 08:00:00,1.06782,1.069,1.06748,1.06784,8197
2024.04.18 12:00:00,1.06785,1.06812,1.06598,1.06628,8901
2024.04.18 16:00:00,1.06629,1.06684,1.06464,1.06532,16589
2024.04.18 20:00:00,1.06532,1.06547,1.06408,1.06425,8751
2024.04.19 00:00:00,1.06424,1.06447,1.0636,1.06386,3319
2024.04.19 04:00:00,1.06386,1.06432,1.06104,1.06347,20729
2024.04.19 08:00:00,1.06347,1.06593,1.0627,1.06454,17227
2024.04.19 12:00:00,1.06457,1.06736,1.06429,1.06654,8353
2024.04.19 16:00:00,1.06649,1.06775,1.06402,1.06535,10826
2024.04.19 20:00:00,1.0653299999999999,1.06584,1.06465,1.06557,5722
2024.04.22 00:00:00,1.06526,1.06648,1.06478,1.0653299999999999,3387
2024.04.22 04:00:00,1.0653299999999999,1.06706,1.0653299999999999,1.06653,4096
2024.04.22 08:00:00,1.06654,1.06692,1.06474,1.06568,6808
2024.04.22 12:00:00,1.06568,1.06618,1.06308,1.06396,6981
2024.04.22 16:00:00,1.06396,1.06508,1.0624,1.06487,7607
2024.04.22 20:00:00,1.06487,1.06607,1.06481,1.06539,3821
2024.04.23 00:00:00,1.06521,1.06593,1.06496,1.06587,1684
2024.04.23 04:00:00,1.06587,1.06605,1.06534,1.0655000000000001,2973
2024.04.23 08:00:00,1.06549,1.06949,1.06385,1.06707,7409
2024.04.23 12:00:00,1.06706,1.0678,1.06532,1.06721,7098
2024.04.23 16:00:00,1.0672,1.07112,1.066,1.06999,10442
2024.04.23 20:00:00,1.06999,1.07077,1.06993,1.07006,3798
2024.04.24 00:00:00,1.07006,1.07106,1.06991,1.07095,1858
2024.04.24 04:00:00,1.07095,1.07141,1.07042,1.07052,3409
2024.04.24 08:00:00,1.07052,1.07056,1.06807,1.06831,5681
2024.04.24 12:00:00,1.06833,1.06931,1.06779,1.06867,6137
2024.04.24 16:00:00,1.06867,1.07024,1.0681,1.06905,8265
2024.04.24 20:00:00,1.06904,1.07069,1.0687,1.0698,4435
2024.04.25 00:00:00,1.06982,1.07045,1.06884,1.07032,1778
2024.04.25 04:00:00,1.07033,1.07099,1.06969,1.0709,2824
2024.04.25 08:00:00,1.0709,1.07287,1.07076,1.07257,5773
2024.04.25 12:00:00,1.07257,1.07402,1.06854,1.06919,7338
2024.04.25 16:00:00,1.06927,1.07351,1.06784,1.07311,11483
2024.04.25 20:00:00,1.07311,1.07387,1.07228,1.0729,5712
2024.04.26 00:00:00,1.07283,1.07301,1.07227,1.07272,1735
2024.04.26 04:00:00,1.07273,1.07291,1.07185,1.07224,3165
2024.04.26 08:00:00,1.07224,1.07527,1.07214,1.07409,7025
2024.04.26 12:00:00,1.07409,1.07432,1.07102,1.07163,8176
2024.04.26 16:00:00,1.07165,1.07237,1.0674,1.06945,9851
2024.04.26 20:00:00,1.06945,1.0707,1.06904,1.06922,3405
2024.04.29 00:00:00,1.0694,1.0711,1.06865,1.07097,2398
2024.04.29 04:00:00,1.07097,1.07334,1.07074,1.07289,5943
2024.04.29 08:00:00,1.07289,1.07337,1.07013,1.07045,10027
2024.04.29 12:00:00,1.07044,1.07271,1.06972,1.07033,7020
2024.04.29 16:00:00,1.07032,1.07289,1.06901,1.07259,8156
2024.04.29 20:00:00,1.07259,1.07295,1.0715,1.072,4760
2024.04.30 00:00:00,1.07197,1.07221,1.07101,1.0715,2342
2024.04.30 04:00:00,1.07149,1.07178,1.07023,1.07055,2817
2024.04.30 08:00:00,1.07055,1.07121,1.069,1.07107,6040
2024.04.30 12:00:00,1.07112,1.07353,1.06898,1.07002,8167
2024.04.30 16:00:00,1.0701,1.07196,1.06758,1.06788,11920
2024.04.30 20:00:00,1.0679,1.0683,1.0663,1.0665499999999999,5070
2024.05.01 00:00:00,1.0665,1.0671599999999999,1.0658,1.06615,2246
2024.05.01 04:00:00,1.06615,1.06631,1.06549,1.06558,1981
2024.05.01 08:00:00,1.06557,1.06705,1.06494,1.06694,4352
2024.05.01 12:00:00,1.06697,1.06848,1.06667,1.06842,5303
2024.05.01 16:00:00,1.06841,1.06924,1.06707,1.06714,7868
2024.05.01 20:00:00,1.06717,1.07327,1.06706,1.07089,12602
2024.05.02 00:00:00,1.07096,1.07195,1.0693,1.07117,3259
2024.05.02 04:00:00,1.07116,1.07208,1.07069,1.07176,3390
2024.05.02 08:00:00,1.07177,1.07281,1.07,1.07042,7797
2024.05.02 12:00:00,1.07041,1.07121,1.06935,1.0701100000000001,8121
2024.05.02 16:00:00,1.07014,1.07215,1.06742,1.07166,11044
2024.05.02 20:00:00,1.07167,1.07302,1.07139,1.07245,5221
2024.05.03 00:00:00,1.0722,1.07315,1.07192,1.07314,2311
2024.05.03 04:00:00,1.07314,1.07394,1.07308,1.07322,2955
2024.05.03 08:00:00,1.07323,1.07441,1.07244,1.07425,6039
2024.05.03 12:00:00,1.07422,1.0812,1.07387,1.07937,7965
2024.05.03 16:00:00,1.07928,1.07985,1.07514,1.07635,13800
2024.05.03 20:00:00,1.07634,1.07693,1.07591,1.07611,3886
2024.05.06 00:00:00,1.0763,1.07688,1.07552,1.07674,2384
2024.05.06 04:00:00,1.07674,1.07715,1.07622,1.07628,3543
2024.05.06 08:00:00,1.07627,1.07761,1.07577,1.07684,5678
2024.05.06 12:00:00,1.07685,1.07908,1.07661,1.07874,5595
2024.05.06 16:00:00,1.07874,1.07888,1.07712,1.07742,6051
2024.05.06 20:00:00,1.07742,1.07764,1.07658,1.07676,3082
2024.05.07 00:00:00,1.07678,1.0776,1.07628,1.07749,2336
2024.05.07 04:00:00,1.07749,1.07767,1.07606,1.07657,3804
2024.05.07 08:00:00,1.07657,1.07695,1.07541,1.07637,6394
2024.05.07 12:00:00,1.07636,1.07791,1.07552,1.07755,6211
2024.05.07 16:00:00,1.07757,1.07874,1.0766,1.07703,7795
2024.05.07 20:00:00,1.07705,1.07707,1.07479,1.07538,4225
2024.05.08 00:00:00,1.07534,1.07552,1.07469,1.0748,2027
2024.05.08 04:00:00,1.0748,1.07488,1.07381,1.07412,3322
2024.05.08 08:00:00,1.07412,1.0749,1.0735,1.07441,5245
2024.05.08 12:00:00,1.07441,1.07538,1.07399,1.07489,5664
2024.05.08 16:00:00,1.07489,1.07574,1.07441,1.07457,6712
2024.05.08 20:00:00,1.07457,1.0748,1.0741,1.07476,3154
2024.05.09 00:00:00,1.07476,1.07501,1.07397,1.07432,1742
2024.05.09 04:00:00,1.07432,1.07514,1.07422,1.07452,2932
2024.05.09 08:00:00,1.07453,1.07464,1.07261,1.0728,4811
2024.05.09 12:00:00,1.07281,1.07623,1.07239,1.07594,7549
2024.05.09 16:00:00,1.07594,1.07816,1.07505,1.07758,8230
2024.05.09 20:00:00,1.07758,1.07843,1.07736,1.07816,4040
2024.05.10 00:00:00,1.07812,1.07855,1.07764,1.07792,1727
2024.05.10 04:00:00,1.07792,1.07825,1.07731,1.07739,3093
2024.05.10 08:00:00,1.07739,1.07866,1.07715,1.07806,6427
2024.05.10 12:00:00,1.0781,1.0786,1.07662,1.077,6407
2024.05.10 16:00:00,1.077,1.07901,1.07603,1.07759,8653
2024.05.10 20:00:00,1.07759,1.07773,1.0768,1.07694,3139
2024.05.13 00:00:00,1.07686,1.07752,1.07648,1.07692,2234
2024.05.13 04:00:00,1.07692,1.07731,1.07658,1.07696,3211
2024.05.13 08:00:00,1.07696,1.07845,1.07687,1.07836,5107
2024.05.13 12:00:00,1.07836,1.07996,1.07772,1.07981,5199
2024.05.13 16:00:00,1.07982,1.08068,1.07893,1.07935,6508
2024.05.13 20:00:00,1.07935,1.0794,1.07866,1.07893,2743
2024.05.14 00:00:00,1.07882,1.07935,1.07853,1.07875,1539
2024.05.14 04:00:00,1.07875,1.07896,1.07843,1.07853,2351
2024.05.14 08:00:00,1.07853,1.07893,1.07753,1.07835,4991
2024.05.14 12:00:00,1.07835,1.08104,1.07664,1.08032,6746
2024.05.14 16:00:00,1.0803,1.08256,1.08006,1.08168,8339
2024.05.14 20:00:00,1.08168,1.08229,1.08154,1.08182,3068
2024.05.15 00:00:00,1.08172,1.0819,1.08131,1.08169,1972
2024.05.15 04:00:00,1.08169,1.08277,1.08164,1.08214,2557
2024.05.15 08:00:00,1.08214,1.08345,1.08212,1.08299,5221
2024.05.15 12:00:00,1.08299,1.08693,1.08219,1.08612,7845
2024.05.15 16:00:00,1.08612,1.08744,1.08317,1.08719,10455
2024.05.15 20:00:00,1.08719,1.08857,1.08716,1.08837,3950
2024.05.16 00:00:00,1.08837,1.08949,1.08766,1.08935,2720
2024.05.16 04:00:00,1.08936,1.08938,1.08814,1.08847,4217
2024.05.16 08:00:00,1.08847,1.08851,1.0866500000000001,1.08732,5966
2024.05.16 12:00:00,1.08732,1.08749,1.08607,1.08632,6519
2024.05.16 16:00:00,1.08633,1.08757,1.08544,1.08734,8093
2024.05.16 20:00:00,1.08734,1.08755,1.08644,1.08663,3781
2024.05.17 00:00:00,1.08662,1.08688,1.08593,1.08628,1789
2024.05.17 04:00:00,1.08628,1.08638,1.08544,1.08562,2861
2024.05.17 08:00:00,1.08562,1.08682,1.08417,1.0844,5525
2024.05.17 12:00:00,1.0844,1.08469,1.08358,1.08429,5348
2024.05.17 16:00:00,1.0843,1.08783,1.0843,1.08686,7338
2024.05.17 20:00:00,1.08683,1.08764,1.08673,1.08685,3960
2024.05.20 00:00:00,1.0867,1.08772,1.08647,1.08753,1959
2024.05.20 04:00:00,1.08752,1.08822,1.08717,1.08807,3191
2024.05.20 08:00:00,1.08807,1.08845,1.08695,1.08748,5011
2024.05.20 12:00:00,1.08746,1.08751,1.08535,1.08575,5527
2024.05.20 16:00:00,1.08575,1.08698,1.08575,1.08657,7128
2024.05.20 20:00:00,1.08657,1.08706,1.08559,1.08561,4059
2024.05.21 00:00:00,1.08557,1.08618,1.08532,1.08615,2976
2024.05.21 04:00:00,1.0861399999999999,1.08616,1.08509,1.08588,3006
2024.05.21 08:00:00,1.08589,1.08694,1.08566,1.08666,6046
2024.05.21 12:00:00,1.08666,1.08748,1.08547,1.08571,6065
2024.05.21 16:00:00,1.08571,1.08618,1.08429,1.08538,9205
2024.05.21 20:00:00,1.08539,1.08563,1.08462,1.08532,3158
2024.05.22 00:00:00,1.08518,1.08598,1.08517,1.08575,1701
2024.05.22 04:00:00,1.0857,1.08633,1.08527,1.08535,3081
2024.05.22 08:00:00,1.08535,1.08634,1.08464,1.08483,5484
2024.05.22 12:00:00,1.08483,1.08496,1.0822,1.0832,6773
2024.05.22 16:00:00,1.0832,1.08441,1.08317,1.08424,8051
2024.05.22 20:00:00,1.08424,1.08469,1.08174,1.08221,6300
2024.05.23 00:00:00,1.08214,1.08288,1.08192,1.08256,1877
2024.05.23 04:00:00,1.08256,1.08323,1.0822,1.08266,2873
2024.05.23 08:00:00,1.08266,1.08448,1.08124,1.08386,6942
2024.05.23 12:00:00,1.08386,1.08544,1.08333,1.08527,7312
2024.05.23 16:00:00,1.08528,1.0861,1.0818,1.08182,10610
2024.05.23 20:00:00,1.08183,1.08201,1.08047,1.08144,5590
2024.05.24 00:00:00,1.08141,1.08152,1.08075,1.08102,2630
2024.05.24 04:00:00,1.08102,1.08138,1.08054,1.08092,3357
2024.05.24 08:00:00,1.0809,1.08283,1.08076,1.08246,5454
2024.05.24 12:00:00,1.08246,1.08537,1.08236,1.08512,6656
2024.05.24 16:00:00,1.08512,1.08578,1.08421,1.08471,7967
2024.05.24 20:00:00,1.08471,1.08536,1.08444,1.08457,4252
2024.05.27 00:00:00,1.0848,1.08511,1.08416,1.08486,1920
2024.05.27 04:00:00,1.08486,1.0852,1.08472,1.08487,2394
2024.05.27 08:00:00,1.08487,1.08535,1.08441,1.08494,3672
2024.05.27 12:00:00,1.08494,1.08674,1.08409,1.0849,4958
2024.05.27 16:00:00,1.0849199999999999,1.08624,1.08445,1.08599,4484
2024.05.27 20:00:00,1.08599,1.08609,1.08559,1.08581,962
2024.05.28 00:00:00,1.08564,1.08684,1.08506,1.08652,4783
2024.05.28 04:00:00,1.08652,1.08801,1.08644,1.0876,3647
2024.05.28 08:00:00,1.08761,1.08799,1.08671,1.087,5221
2024.05.28 12:00:00,1.087,1.0889,1.08672,1.08765,5935
2024.05.28 16:00:00,1.08764,1.08802,1.08579,1.08748,8683
2024.05.28 20:00:00,1.08745,1.08758,1.08551,1.08559,5642
2024.05.29 00:00:00,1.08555,1.08588,1.08477,1.08512,2373
2024.05.29 04:00:00,1.08512,1.08569,1.08438,1.08475,2942
2024.05.29 08:00:00,1.08475,1.08588,1.08292,1.08373,6581
2024.05.29 12:00:00,1.08373,1.08584,1.08354,1.08462,6874
2024.05.29 16:00:00,1.08466,1.0847,1.08074,1.08155,9732
2024.05.29 20:00:00,1.08153,1.08159,1.07994,1.08003,5040
2024.05.30 00:00:00,1.08003,1.08039,1.07955,1.07965,2317
2024.05.30 04:00:00,1.07966,1.08046,1.07921,1.07959,4230
2024.05.30 08:00:00,1.07958,1.08185,1.07885,1.0815,7690
2024.05.30 12:00:00,1.0815,1.08327,1.08084,1.0829,7722
2024.05.30 16:00:00,1.08291,1.08451,1.08255,1.084,9372
2024.05.30 20:00:00,1.084,1.08433,1.0827,1.08313,4517
2024.05.31 00:00:00,1.0830899999999999,1.08339,1.08263,1.08322,2404
2024.05.31 04:00:00,1.08322,1.08337,1.08112,1.08181,4508
2024.05.31 08:00:00,1.0818,1.08384,1.08147,1.0834,6847
2024.05.31 12:00:00,1.08335,1.08822,1.08335,1.08801,8466
2024.05.31 16:00:00,1.08801,1.08808,1.08398,1.08473,11141
2024.05.31 20:00:00,1.08473,1.08527,1.08406,1.08474,5540
2024.06.03 00:00:00,1.085,1.08575,1.08417,1.08564,2618
2024.06.03 04:00:00,1.08564,1.08587,1.08493,1.0852,3528
2024.06.03 08:00:00,1.08519,1.08586,1.08334,1.08402,7354
2024.06.03 12:00:00,1.08403,1.08499,1.08278,1.08443,7892
2024.06.03 16:00:00,1.08443,1.08904,1.08443,1.08852,10662
2024.06.03 20:00:00,1.08852,1.09039,1.08813,1.09036,5434
2024.06.04 00:00:00,1.09029,1.0916,1.08946,1.09128,2544
2024.06.04 04:00:00,1.09128,1.0913599999999999,1.09052,1.09094,3402
2024.06.04 08:00:00,1.09093,1.09109,1.08742,1.08808,8276
2024.06.04 12:00:00,1.08807,1.08821,1.08593,1.08645,9678
2024.06.04 16:00:00,1.08646,1.08835,1.0862,1.08803,11039
2024.06.04 20:00:00,1.08802,1.08876,1.08773,1.08785,5754
2024.06.05 00:00:00,1.08781,1.08861,1.08773,1.08842,1916
2024.06.05 04:00:00,1.08842,1.08861,1.08766,1.08807,3054
2024.06.05 08:00:00,1.08807,1.08824,1.087,1.08758,6261
2024.06.05 12:00:00,1.08757,1.08843,1.086,1.08839,7116
2024.06.05 16:00:00,1.08839,1.08917,1.08544,1.08642,10634
2024.06.05 20:00:00,1.08643,1.08773,1.08607,1.08678,4326
2024.06.06 00:00:00,1.08677,1.08823,1.08669,1.0882,1855
2024.06.06 04:00:00,1.08819,1.08958,1.08819,1.08872,3784
2024.06.06 08:00:00,1.08872,1.08882,1.08713,1.08772,6066
2024.06.06 12:00:00,1.08769,1.0902,1.08622,1.08815,7800
2024.06.06 16:00:00,1.08813,1.08913,1.0872,1.08819,9295
2024.06.06 20:00:00,1.08818,1.08942,1.0881,1.0887,4641
2024.06.07 00:00:00,1.08857,1.08928,1.0885,1.08895,2041
2024.06.07 04:00:00,1.08895,1.08978,1.08873,1.0895299999999999,3580
2024.06.07 08:00:00,1.08954,1.08984,1.08832,1.0889,7062
2024.06.07 12:00:00,1.08889,1.09019,1.08242,1.08332,9773
2024.06.07 16:00:00,1.08332,1.08357,1.08032,1.08052,11435
2024.06.07 20:00:00,1.08051,1.08071,1.07992,1.07994,5355
2024.06.10 00:00:00,1.0774,1.07816,1.0760399999999999,1.0778,3477
2024.06.10 04:00:00,1.0778,1.07799,1.07481,1.07542,3227
2024.06.10 08:00:00,1.0754299999999999,1.0768,1.0748,1.07567,7967
2024.06.10 12:00:00,1.07567,1.0760399999999999,1.07327,1.07415,7434
2024.06.10 16:00:00,1.07414,1.07587,1.07332,1.07541,7973
2024.06.10 20:00:00,1.07541,1.07659,1.07503,1.07644,4472
2024.06.11 00:00:00,1.07643,1.07677,1.0757,1.07637,2358
2024.06.11 04:00:00,1.07637,1.07708,1.07623,1.07683,3071
2024.06.11 08:00:00,1.07683,1.07735,1.07436,1.07454,6665
2024.06.11 12:00:00,1.07452,1.07564,1.0724,1.07323,9479
2024.06.11 16:00:00,1.07322,1.07389,1.07196,1.07373,8717
2024.06.11 20:00:00,1.07373,1.07494,1.07367,1.07396,4309
2024.06.12 00:00:00,1.07365,1.07424,1.0733,1.07361,2098
2024.06.12 04:00:00,1.07361,1.07432,1.07347,1.07367,3066
2024.06.12 08:00:00,1.07367,1.07538,1.07356,1.07466,5663
2024.06.12 12:00:00,1.07467,1.083,1.07442,1.08268,8491
2024.06.12 16:00:00,1.08267,1.08523,1.08173,1.08441,10973
2024.06.12 20:00:00,1.08441,1.08458,1.08038,1.08081,11640
2024.06.13 00:00:00,1.08081,1.08156,1.08037,1.0813,2545
2024.06.13 04:00:00,1.08129,1.08158,1.08031,1.0804,3523
2024.06.13 08:00:00,1.0804,1.08165,1.08005,1.08061,6652
2024.06.13 12:00:00,1.08061,1.08161,1.07807,1.07934,8766
2024.06.13 16:00:00,1.07936,1.08076,1.0733,1.07352,11587
2024.06.13 20:00:00,1.07352,1.0744,1.07351,1.07363,5121
2024.06.14 00:00:00,1.07358,1.07408,1.07324,1.07363,2341
2024.06.14 04:00:00,1.07364,1.07449,1.07352,1.07364,3766
2024.06.14 08:00:00,1.07363,1.07373,1.06896,1.06918,8961
2024.06.14 12:00:00,1.06918,1.07059,1.06717,1.06892,11728
2024.06.14 16:00:00,1.06895,1.07018,1.06676,1.07004,10708
2024.06.14 20:00:00,1.07005,1.0707200000000001,1.06946,1.07018,4788
2024.06.17 00:00:00,1.07035,1.07081,1.06988,1.0704,2739
2024.06.17 04:00:00,1.0704,1.07056,1.06988,1.07041,3530
2024.06.17 08:00:00,1.07043,1.07122,1.06863,1.07071,8959
2024.06.17 12:00:00,1.07071,1.07178,1.0702099999999999,1.07137,8235
2024.06.17 16:00:00,1.07138,1.07277,1.07116,1.07252,8868
2024.06.17 20:00:00,1.0725,1.07378,1.07233,1.07326,4601
2024.06.18 00:00:00,1.07336,1.07409,1.07285,1.0735999999999999,2146
2024.06.18 04:00:00,1.07361,1.07368,1.07202,1.07215,3785
2024.06.18 08:00:00,1.07215,1.07351,1.07149,1.07193,7794
2024.06.18 12:00:00,1.0719400000000001,1.0734,1.07099,1.07311,8650
2024.06.18 16:00:00,1.07312,1.07614,1.073,1.07393,9989
2024.06.18 20:00:00,1.07389,1.07431,1.07322,1.07393,5338
2024.06.19 00:00:00,1.07393,1.07412,1.07347,1.07374,1647
2024.06.19 04:00:00,1.07374,1.07425,1.07354,1.07359,2962
2024.06.19 08:00:00,1.0735999999999999,1.07417,1.07248,1.07403,7101
2024.06.19 12:00:00,1.07404,1.07533,1.07325,1.07458,7325
2024.06.19 16:00:00,1.0746,1.07509,1.07408,1.07471,4421
2024.06.19 20:00:00,1.0747,1.07472,1.07415,1.07416,958
2024.06.20 00:00:00,1.07419,1.07488,1.07363,1.07462,1854
2024.06.20 04:00:00,1.07462,1.0748,1.0739,1.07426,3292
2024.06.20 08:00:00,1.07426,1.07436,1.07127,1.07167,6598
2024.06.20 12:00:00,1.07168,1.07319,1.0713,1.0719,8769
2024.06.20 16:00:00,1.0719,1.07307,1.07034,1.07071,9375
2024.06.20 20:00:00,1.07071,1.07177,1.07009,1.0701100000000001,5406
2024.06.21 00:00:00,1.07012,1.07076,1.06999,1.07067,2111
2024.06.21 04:00:00,1.07066,1.07184,1.07049,1.07182,3352
2024.06.21 08:00:00,1.07182,1.07205,1.0671,1.0691,7858
2024.06.21 12:00:00,1.06909,1.06981,1.06766,1.06947,8017
2024.06.21 16:00:00,1.06944,1.06977,1.06782,1.06922,9972
2024.06.21 20:00:00,1.06923,1.06968,1.06901,1.06915,4570
2024.06.24 00:00:00,1.0685,1.06955,1.06835,1.06918,2345
2024.06.24 04:00:00,1.06918,1.06946,1.06837,1.06946,3265
2024.06.24 08:00:00,1.06946,1.07178,1.06944,1.07135,6344
2024.06.24 12:00:00,1.0713300000000001,1.07359,1.07131,1.07346,8212
2024.06.24 16:00:00,1.07346,1.07464,1.07233,1.07277,7851
2024.06.24 20:00:00,1.07277,1.07382,1.0722,1.07313,4482
2024.06.25 00:00:00,1.07314,1.07357,1.07274,1.07341,1776
2024.06.25 04:00:00,1.0734,1.07398,1.07322,1.07395,3298
2024.06.25 08:00:00,1.07395,1.07442,1.07208,1.07342,6507
2024.06.25 12:00:00,1.07342,1.07352,1.07022,1.07049,7366
2024.06.25 16:00:00,1.0705,1.07129,1.06908,1.07046,7992
2024.06.25 20:00:00,1.07046,1.07175,1.07044,1.07132,3878
2024.06.26 00:00:00,1.07116,1.07153,1.0701100000000001,1.07114,1976
2024.06.26 04:00:00,1.07114,1.07179,1.07076,1.07103,3328
2024.06.26 08:00:00,1.07103,1.07112,1.06853,1.06947,6202
2024.06.26 12:00:00,1.06947,1.06996,1.0677,1.0677,7861
2024.06.26 16:00:00,1.06771,1.06957,1.06659,1.06821,9974
2024.06.26 20:00:00,1.06821,1.06909,1.0675,1.06797,4379
2024.06.27 00:00:00,1.06787,1.0682,1.0674,1.06782,2266
2024.06.27 04:00:00,1.06782,1.06947,1.0677699999999999,1.06942,3349
2024.06.27 08:00:00,1.06942,1.06989,1.06805,1.06879,6439
2024.06.27 12:00:00,1.06879,1.0722,1.06872,1.07195,8455
2024.06.27 16:00:00,1.0719400000000001,1.07264,1.07003,1.07066,9525
2024.06.27 20:00:00,1.07066,1.07084,1.07012,1.07032,4447
2024.06.28 00:00:00,1.06999,1.0714,1.06975,1.06977,1914
2024.06.28 04:00:00,1.06977,1.0699,1.06853,1.06867,4256
2024.06.28 08:00:00,1.06867,1.07039,1.06859,1.06979,6546
2024.06.28 12:00:00,1.06979,1.07195,1.0692,1.07049,8468
2024.06.28 16:00:00,1.07048,1.0722,1.06927,1.07159,11683
2024.06.28 20:00:00,1.07158,1.07248,1.0706,1.07116,5565
2024.07.01 00:00:00,1.0745,1.07496,1.07319,1.07457,3874
2024.07.01 04:00:00,1.07455,1.0761,1.07429,1.07547,4592
2024.07.01 08:00:00,1.07542,1.07762,1.07496,1.07684,7966
2024.07.01 12:00:00,1.07678,1.07686,1.074,1.07484,6761
2024.07.01 16:00:00,1.07485,1.07694,1.07197,1.07314,10667
2024.07.01 20:00:00,1.07315,1.07425,1.07242,1.07397,4430
2024.07.02 00:00:00,1.07384,1.07417,1.07301,1.07348,2149
2024.07.02 04:00:00,1.07348,1.07364,1.07283,1.07295,3252
2024.07.02 08:00:00,1.07295,1.07357,1.0712,1.07201,7296
2024.07.02 12:00:00,1.072,1.07226,1.07169,1.07202,321
2024.07.03 00:00:00,1.07444,1.0754299999999999,1.07368,1.0748,2090
2024.07.03 04:00:00,1.0748,1.0748,1.07406,1.07424,2321
2024.07.03 08:00:00,1.07424,1.07635,1.0735999999999999,1.07582,6146
2024.07.03 12:00:00,1.07581,1.07782,1.07525,1.07744,6824
2024.07.03 16:00:00,1.07745,1.08168,1.07718,1.07957,10462
2024.07.03 20:00:00,1.07958,1.07958,1.07781,1.0781,3096
2024.07.04 00:00:00,1.07804,1.07937,1.07778,1.07926,1805
2024.07.04 04:00:00,1.07926,1.0795,1.07835,1.07865,2705
2024.07.04 08:00:00,1.07865,1.0803,1.07847,1.08018,6303
2024.07.04 12:00:00,1.08017,1.08029,1.07939,1.0796999999999999,5480
2024.07.04 16:00:00,1.07969,1.08138,1.07945,1.08122,4604
2024.07.04 20:00:00,1.08122,1.08137,1.08091,1.081,1340
2024.07.05 00:00:00,1.08089,1.08179,1.08088,1.08147,2150
2024.07.05 04:00:00,1.08146,1.08244,1.08137,1.0822,3063
2024.07.05 08:00:00,1.0822,1.08305,1.08164,1.0828,5195
2024.07.05 12:00:00,1.0828,1.08418,1.08026,1.08296,7303
2024.07.05 16:00:00,1.08296,1.0834,1.08107,1.08254,11027
2024.07.05 20:00:00,1.08255,1.08425,1.08249,1.08397,4211
2024.07.08 00:00:00,1.0802,1.08327,1.08002,1.08216,3388
2024.07.08 04:00:00,1.08216,1.08362,1.08201,1.08287,3651
2024.07.08 08:00:00,1.08287,1.08429,1.08146,1.08384,8079
2024.07.08 12:00:00,1.08382,1.08446,1.08237,1.08436,7133
2024.07.08 16:00:00,1.08442,1.08449,1.08285,1.08323,7440
2024.07.08 20:00:00,1.08322,1.08336,1.0822,1.08232,3741
2024.07.09 00:00:00,1.08223,1.08333,1.08222,1.0827,1740
2024.07.09 04:00:00,1.0827,1.08312,1.08191,1.08296,2801
2024.07.09 08:00:00,1.08296,1.08307,1.0815,1.08225,5638
2024.07.09 12:00:00,1.08224,1.08284,1.08121,1.08157,5895
2024.07.09 16:00:00,1.08156,1.08279,1.08055,1.08098,9878
2024.07.09 20:00:00,1.08099,1.08166,1.08064,1.08131,4426
2024.07.10 00:00:00,1.08115,1.08167,1.08092,1.08122,1823
2024.07.10 04:00:00,1.08121,1.08211,1.08107,1.08185,3137
2024.07.10 08:00:00,1.08185,1.08249,1.08119,1.08153,5766
2024.07.10 12:00:00,1.08151,1.08281,1.08133,1.0827,6316
2024.07.10 16:00:00,1.08269,1.08288,1.08198,1.08269,7684
2024.07.10 20:00:00,1.08269,1.08299,1.08174,1.08296,4035
2024.07.11 00:00:00,1.08284,1.08367,1.08249,1.08351,1885
2024.07.11 04:00:00,1.08351,1.08402,1.08323,1.08364,2492
2024.07.11 08:00:00,1.08364,1.08477,1.08321,1.08473,5317
2024.07.11 12:00:00,1.08474,1.08995,1.0843099999999999,1.08874,8313
2024.07.11 16:00:00,1.08868,1.0899,1.08639,1.08669,13580
2024.07.11 20:00:00,1.08669,1.087,1.08598,1.08677,5812
2024.07.12 00:00:00,1.08676,1.08744,1.08598,1.08698,4066
2024.07.12 04:00:00,1.08698,1.0872,1.08634,1.08698,4046
2024.07.12 08:00:00,1.08701,1.08872,1.08619,1.08867,6473
2024.07.12 12:00:00,1.08867,1.08928,1.08727,1.08905,7957
2024.07.12 16:00:00,1.0891,1.09107,1.08867,1.09046,10993
2024.07.12 20:00:00,1.09047,1.09113,1.0901,1.09055,4222
2024.07.15 00:00:00,1.0886,1.08955,1.08818,1.08882,3642
2024.07.15 04:00:00,1.08883,1.08957,1.08859,1.08936,3331
2024.07.15 08:00:00,1.08935,1.09093,1.08836,1.09083,6387
2024.07.15 12:00:00,1.09083,1.09202,1.09019,1.09072,7774
2024.07.15 16:00:00,1.09073,1.09222,1.09,1.09062,9453
2024.07.15 20:00:00,1.09062,1.09063,1.08933,1.08937,6779
2024.07.16 00:00:00,1.08884,1.08986,1.08884,1.08913,2358
2024.07.16 04:00:00,1.08915,1.08945,1.08886,1.08924,3249
2024.07.16 08:00:00,1.08925,1.09027,1.08834,1.09003,6771
2024.07.16 12:00:00,1.09003,1.09055,1.08757,1.08807,8128
2024.07.16 16:00:00,1.0881,1.0889,1.08715,1.08888,9234
2024.07.16 20:00:00,1.08888,1.09028,1.08877,1.08987,4477
2024.07.17 00:00:00,1.08968,1.09029,1.08958,1.08976,2410
2024.07.17 04:00:00,1.08976,1.09069,1.08955,1.0903,3164
2024.07.17 08:00:00,1.0903,1.09436,1.0895,1.09417,8970
2024.07.17 12:00:00,1.09419,1.09448,1.09289,1.09424,9051
2024.07.17 16:00:00,1.09424,1.0948,1.09237,1.09296,10708
2024.07.17 20:00:00,1.09298,1.094,1.09283,1.09388,5156
2024.07.18 00:00:00,1.0937999999999999,1.0941,1.09366,1.0937000000000001,2361
2024.07.18 04:00:00,1.0937000000000001,1.09391,1.09317,1.09335,4244
2024.07.18 08:00:00,1.09335,1.09386,1.09262,1.09306,7707
2024.07.18 12:00:00,1.09306,1.0937000000000001,1.09238,1.09285,7293
2024.07.18 16:00:00,1.09285,1.09291,1.09049,1.0916,10729
2024.07.18 20:00:00,1.09159,1.09164,1.08936,1.08959,5903
2024.07.19 00:00:00,1.08955,1.09017,1.08908,1.0892,2892
2024.07.19 04:00:00,1.0892,1.08947,1.08861,1.0887,3981
2024.07.19 08:00:00,1.0887,1.08904,1.08762,1.08791,8165
2024.07.19 12:00:00,1.08789,1.08941,1.08774,1.0889,7686
2024.07.19 16:00:00,1.0889,1.08911,1.08794,1.08849,9237
2024.07.19 20:00:00,1.0885,1.08854,1.08754,1.08839,5593
2024.07.22 00:00:00,1.0888,1.09025,1.08796,1.08939,3335
2024.07.22 04:00:00,1.08939,1.08952,1.08846,1.08874,3727
2024.07.22 08:00:00,1.08875,1.08925,1.08788,1.0888,7662
2024.07.22 12:00:00,1.08881,1.08954,1.0875,1.08781,7101
2024.07.22 16:00:00,1.08783,1.08868,1.08731,1.08863,8482
2024.07.22 20:00:00,1.08866,1.08917,1.08855,1.08902,4646
2024.07.23 00:00:00,1.08887,1.08929,1.08823,1.08897,2613
2024.07.23 04:00:00,1.08897,1.08967,1.08874,1.08908,3723
2024.07.23 08:00:00,1.08908,1.08912,1.0868,1.08778,6972
2024.07.23 12:00:00,1.08778,1.08781,1.08548,1.08559,7900
2024.07.23 16:00:00,1.08558,1.08579,1.08437,1.08533,8223
2024.07.23 20:00:00,1.08536,1.08565,1.0849199999999999,1.0853,4384
2024.07.24 00:00:00,1.08514,1.0854300000000001,1.08457,1.08468,2137
2024.07.24 04:00:00,1.08468,1.08503,1.08417,1.08466,4185
2024.07.24 08:00:00,1.08467,1.08537,1.08257,1.0835,8014
2024.07.24 12:00:00,1.0835,1.08592,1.08324,1.08581,7523
2024.07.24 16:00:00,1.08584,1.0866500000000001,1.08475,1.0851,10196
2024.07.24 20:00:00,1.0851,1.08549,1.08357,1.08393,5775
2024.07.25 00:00:00,1.08392,1.08421,1.08347,1.08395,2943
2024.07.25 04:00:00,1.08395,1.08439,1.08362,1.08399,4887
2024.07.25 08:00:00,1.084,1.08577,1.08282,1.08461,9309
2024.07.25 12:00:00,1.08456,1.08587,1.08364,1.08498,9777
2024.07.25 16:00:00,1.08499,1.08646,1.08302,1.0862,11757
2024.07.25 20:00:00,1.0862,1.08699,1.08434,1.08446,6684
2024.07.26 00:00:00,1.08448,1.08554,1.08433,1.08539,2753
2024.07.26 04:00:00,1.08539,1.0860400000000001,1.0852,1.08583,3485
2024.07.26 08:00:00,1.08583,1.08607,1.08421,1.08515,6545
2024.07.26 12:00:00,1.08515,1.08654,1.08472,1.08605,7441
2024.07.26 16:00:00,1.08605,1.08682,1.08516,1.08654,9316
2024.07.26 20:00:00,1.08653,1.08654,1.08541,1.08552,5320
2024.07.29 00:00:00,1.0857,1.08664,1.08509,1.08634,3111
2024.07.29 04:00:00,1.08635,1.08698,1.08582,1.0859,3988
2024.07.29 08:00:00,1.0859,1.0863,1.08317,1.08321,7230
2024.07.29 12:00:00,1.08322,1.0842,1.0815,1.08161,6876
2024.07.29 16:00:00,1.08161,1.08238,1.08026,1.08214,7661
2024.07.29 20:00:00,1.08215,1.08258,1.08194,1.08206,4248
2024.07.30 00:00:00,1.08198,1.08235,1.08153,1.08171,2412
2024.07.30 04:00:00,1.0817,1.08252,1.08142,1.08241,3286
2024.07.30 08:00:00,1.08238,1.08346,1.08158,1.08288,7262
2024.07.30 12:00:00,1.08287,1.08356,1.08016,1.08018,6525
2024.07.30 16:00:00,1.08018,1.08166,1.07984,1.08136,10258
2024.07.30 20:00:00,1.08137,1.08175,1.08084,1.08141,5310
2024.07.31 00:00:00,1.0814,1.082,1.08117,1.08199,2868
2024.07.31 04:00:00,1.082,1.08301,1.08166,1.08254,5416
2024.07.31 08:00:00,1.08256,1.08277,1.0806499999999999,1.08221,9257
2024.07.31 12:00:00,1.08222,1.08481,1.0822,1.08409,8349
2024.07.31 16:00:00,1.08408,1.08493,1.08044,1.08092,10422
2024.07.31 20:00:00,1.08092,1.08328,1.08018,1.08247,10176
2024.08.01 00:00:00,1.08238,1.08308,1.08217,1.08277,2799
2024.08.01 04:00:00,1.08276,1.08352,1.08242,1.08266,5114
2024.08.01 08:00:00,1.08267,1.08296,1.07813,1.07843,8776
2024.08.01 12:00:00,1.07843,1.0808200000000001,1.07773,1.07964,9291
2024.08.01 16:00:00,1.07964,1.08181,1.07801,1.07863,12462
2024.08.01 20:00:00,1.07862,1.07955,1.07826,1.0790899999999999,7276
2024.08.02 00:00:00,1.07905,1.07929,1.07816,1.0791,3992
2024.08.02 04:00:00,1.0791,1.07985,1.07846,1.07975,4767
2024.08.02 08:00:00,1.07976,1.08152,1.07861,1.08145,9986
2024.08.02 12:00:00,1.08144,1.0897000000000001,1.08144,1.08912,11021
2024.08.02 16:00:00,1.08904,1.09265,1.08846,1.0912,15192
2024.08.02 20:00:00,1.0912,1.09166,1.09071,1.09102,8156
2024.08.05 00:00:00,1.09221,1.09232,1.09029,1.09168,6920
2024.08.05 04:00:00,1.09167,1.09395,1.09119,1.09325,9762
2024.08.05 08:00:00,1.09325,1.09749,1.08925,1.0951,17690
2024.08.05 12:00:00,1.09509,1.10084,1.0933,1.09911,15157
2024.08.05 16:00:00,1.09911,1.10031,1.09478,1.09599,18363
2024.08.05 20:00:00,1.09595,1.09643,1.09473,1.09504,9664
2024.08.06 00:00:00,1.09512,1.0963,1.09395,1.09627,6450
2024.08.06 04:00:00,1.09628,1.0963,1.09497,1.0952,8089
2024.08.06 08:00:00,1.0952,1.09548,1.09188,1.09278,13156
2024.08.06 12:00:00,1.09263,1.09268,1.09036,1.09051,11779
2024.08.06 16:00:00,1.09051,1.09348,1.09051,1.09278,13494
2024.08.06 20:00:00,1.09275,1.09335,1.09224,1.09284,8035
2024.08.07 00:00:00,1.09303,1.09318,1.09223,1.09296,4546
2024.08.07 04:00:00,1.09296,1.09303,1.0911,1.09116,7223
2024.08.07 08:00:00,1.09114,1.09278,1.09054,1.09188,10426
2024.08.07 12:00:00,1.09188,1.09266,1.09085,1.09218,9407
2024.08.07 16:00:00,1.09216,1.09366,1.09125,1.0922,10116
2024.08.07 20:00:00,1.09221,1.0927,1.09173,1.09203,8431
2024.08.08 00:00:00,1.09203,1.09338,1.09148,1.09282,4663
2024.08.08 04:00:00,1.09281,1.09377,1.09235,1.09317,6081
2024.08.08 08:00:00,1.09316,1.0945,1.09298,1.0937000000000001,8965
2024.08.08 12:00:00,1.0937000000000001,1.09396,1.08917,1.08974,8900
2024.08.08 16:00:00,1.08977,1.09147,1.08813,1.09086,10961
2024.08.08 20:00:00,1.09087,1.0919,1.09074,1.09177,6100
2024.08.09 00:00:00,1.09177,1.09194,1.09097,1.09126,2780
2024.08.09 04:00:00,1.0913,1.09245,1.09119,1.09202,4277
2024.08.09 08:00:00,1.09202,1.09291,1.09131,1.09175,6986
2024.08.09 12:00:00,1.09174,1.09257,1.0909,1.09116,7099
2024.08.09 16:00:00,1.09116,1.09312,1.09096,1.09185,8119
2024.08.09 20:00:00,1.09185,1.09234,1.09143,1.09151,4388
2024.08.12 00:00:00,1.09146,1.09196,1.091,1.09182,2405
2024.08.12 04:00:00,1.09182,1.09228,1.09126,1.0919,2824
2024.08.12 08:00:00,1.0919,1.09283,1.09155,1.09206,5733
2024.08.12 12:00:00,1.09206,1.09297,1.09174,1.09198,5636
2024.08.12 16:00:00,1.09198,1.09393,1.0915,1.09228,8597
2024.08.12 20:00:00,1.09227,1.09349,1.0922,1.09305,4299
2024.08.13 00:00:00,1.09292,1.09363,1.09242,1.093,2271
2024.08.13 04:00:00,1.09299,1.09393,1.09292,1.09391,2720
2024.08.13 08:00:00,1.09392,1.09409,1.09205,1.09231,5531
2024.08.13 12:00:00,1.09231,1.09465,1.0913599999999999,1.09407,6805
2024.08.13 16:00:00,1.09408,1.09738,1.09378,1.09722,9064
2024.08.13 20:00:00,1.09723,1.09996,1.09697,1.0991900000000001,6032
2024.08.14 00:00:00,1.099,1.09984,1.09793,1.0991900000000001,2337
2024.08.14 04:00:00,1.09916,1.09965,1.09886,1.09927,4311
2024.08.14 08:00:00,1.09928,1.1019700000000001,1.09862,1.10191,6465
2024.08.14 12:00:00,1.10191,1.10349,1.1004,1.10167,7687
2024.08.14 16:00:00,1.10166,1.10471,1.10154,1.10182,9102
2024.08.14 20:00:00,1.10182,1.10183,1.10107,1.10112,4048
2024.08.15 00:00:00,1.10109,1.10154,1.10086,1.10096,2082
2024.08.15 04:00:00,1.10096,1.1012,1.10029,1.10116,3175
2024.08.15 08:00:00,1.10116,1.10154,1.1005,1.1006,4769
2024.08.15 12:00:00,1.10059,1.10141,1.09517,1.09564,6160
2024.08.15 16:00:00,1.09564,1.09894,1.09493,1.09781,9637
2024.08.15 20:00:00,1.09778,1.09798,1.09697,1.09712,4550
2024.08.16 00:00:00,1.09709,1.0977,1.09662,1.09756,2105
2024.08.16 04:00:00,1.09757,1.09825,1.09743,1.09819,2945
2024.08.16 08:00:00,1.09819,1.09896,1.09766,1.09808,5391
2024.08.16 12:00:00,1.09808,1.09949,1.09786,1.09938,5816
2024.08.16 16:00:00,1.09939,1.10043,1.09825,1.10036,7636
2024.08.16 20:00:00,1.10035,1.10293,1.10035,1.10271,4395
2024.08.19 00:00:00,1.1026799999999999,1.10358,1.1022,1.10302,3114
2024.08.19 04:00:00,1.10302,1.10417,1.10274,1.10395,3868
2024.08.19 08:00:00,1.10395,1.10505,1.10355,1.1037,6770
2024.08.19 12:00:00,1.1037,1.10442,1.10309,1.10387,5815
2024.08.19 16:00:00,1.10386,1.10739,1.10304,1.10735,8462
2024.08.19 20:00:00,1.10733,1.10861,1.10703,1.1084100000000001,4182
2024.08.20 00:00:00,1.10833,1.10873,1.10774,1.10818,2533
2024.08.20 04:00:00,1.10818,1.10871,1.10747,1.10769,4111
2024.08.20 08:00:00,1.10769,1.10887,1.10717,1.10795,6324
2024.08.20 12:00:00,1.10796,1.10983,1.10749,1.10983,6251
2024.08.20 16:00:00,1.10982,1.1118999999999999,1.10923,1.11147,9681
2024.08.20 20:00:00,1.11148,1.11301,1.11087,1.1128,4468
2024.08.21 00:00:00,1.1127,1.11325,1.11166,1.11276,2979
2024.08.21 04:00:00,1.11276,1.1128,1.11166,1.11189,3864
2024.08.21 08:00:00,1.11189,1.11286,1.11102,1.11183,6276
2024.08.21 12:00:00,1.11183,1.11298,1.111,1.11247,5878
2024.08.21 16:00:00,1.11254,1.11481,1.10995,1.11462,12101
2024.08.21 20:00:00,1.11463,1.1173899999999999,1.11455,1.11486,5920
2024.08.22 00:00:00,1.11479,1.11577,1.11423,1.11474,2582
2024.08.22 04:00:00,1.11474,1.1149,1.11404,1.11433,3118
2024.08.22 08:00:00,1.11433,1.11653,1.11273,1.11424,6597
2024.08.22 12:00:00,1.11425,1.11458,1.11256,1.11399,6947
2024.08.22 16:00:00,1.11405,1.11413,1.10979,1.11102,10291
2024.08.22 20:00:00,1.11103,1.11133,1.10984,1.11112,4669
2024.08.23 00:00:00,1.11087,1.11225,1.11036,1.11196,2545
2024.08.23 04:00:00,1.11196,1.11285,1.1118,1.11277,3584
2024.08.23 08:00:00,1.11277,1.11318,1.11124,1.11226,5506
2024.08.23 12:00:00,1.11226,1.1127,1.11108,1.11144,5795
2024.08.23 16:00:00,1.1114,1.11958,1.11054,1.11738,12677
2024.08.23 20:00:00,1.11738,1.12009,1.1173,1.11921,6406
2024.08.26 00:00:00,1.1188,1.12014,1.11834,1.11938,4083
2024.08.26 04:00:00,1.11936,1.12001,1.11816,1.11832,4401
2024.08.26 08:00:00,1.11832,1.11891,1.11756,1.11803,6274
2024.08.26 12:00:00,1.11803,1.11826,1.11584,1.11611,7396
2024.08.26 16:00:00,1.1161,1.11788,1.115,1.11711,9201
2024.08.26 20:00:00,1.11711,1.11752,1.11584,1.11601,4518
2024.08.27 00:00:00,1.11596,1.1166800000000001,1.1155599999999999,1.11608,2107
2024.08.27 04:00:00,1.11608,1.11704,1.11595,1.1168,2970
2024.08.27 08:00:00,1.11681,1.1173899999999999,1.11612,1.11665,6247
2024.08.27 12:00:00,1.11665,1.11785,1.11503,1.11585,7436
2024.08.27 16:00:00,1.11581,1.11716,1.11524,1.11655,9224
2024.08.27 20:00:00,1.11655,1.11904,1.11641,1.11828,5006
2024.08.28 00:00:00,1.11826,1.1185100000000001,1.11745,1.11797,2422
2024.08.28 04:00:00,1.11797,1.11798,1.1158,1.11594,3818
2024.08.28 08:00:00,1.11595,1.11606,1.11351,1.11411,7402
2024.08.28 12:00:00,1.11412,1.11454,1.11047,1.11117,7843
2024.08.28 16:00:00,1.11117,1.11383,1.111,1.11147,9932
2024.08.28 20:00:00,1.1114600000000001,1.11199,1.11052,1.11189,4927
2024.08.29 00:00:00,1.1118,1.11324,1.11162,1.11314,2543
2024.08.29 04:00:00,1.11314,1.1137,1.11272,1.11354,3219
2024.08.29 08:00:00,1.11354,1.11397,1.10718,1.10846,8089
2024.08.29 12:00:00,1.10846,1.10999,1.10728,1.1084100000000001,8432
2024.08.29 16:00:00,1.10842,1.10893,1.10555,1.10815,10544
2024.08.29 20:00:00,1.10815,1.1085099999999999,1.10746,1.10762,5381
2024.08.30 00:00:00,1.10765,1.10831,1.10713,1.10806,1992
2024.08.30 04:00:00,1.10806,1.10818,1.10696,1.10737,3334
2024.08.30 08:00:00,1.10737,1.10948,1.10733,1.10745,6226
2024.08.30 12:00:00,1.10745,1.1088,1.10576,1.10677,8017
2024.08.30 16:00:00,1.10687,1.10799,1.10434,1.10493,11618
2024.08.30 20:00:00,1.10493,1.10566,1.10463,1.10465,5216
2024.09.02 00:00:00,1.10461,1.10555,1.10418,1.10533,2427
2024.09.02 04:00:00,1.10534,1.10554,1.10437,1.10482,3614
2024.09.02 08:00:00,1.10483,1.10773,1.10453,1.10674,6179
2024.09.02 12:00:00,1.10674,1.10725,1.10584,1.10677,5953
2024.09.02 16:00:00,1.10681,1.10718,1.10599,1.10656,4602
2024.09.02 20:00:00,1.10656,1.10725,1.10656,1.10701,771
2024.09.03 00:00:00,1.10692,1.10726,1.10589,1.10603,2293
2024.09.03 04:00:00,1.10604,1.10702,1.10539,1.10541,4116
2024.09.03 08:00:00,1.1054,1.10676,1.10479,1.10484,7331
2024.09.03 12:00:00,1.1048499999999999,1.10524,1.1033,1.10477,8147
2024.09.03 16:00:00,1.10481,1.10702,1.10359,1.10391,10967
2024.09.03 20:00:00,1.1039,1.10443,1.10262,1.10422,4691
2024.09.04 00:00:00,1.10426,1.10512,1.1031,1.10481,3917
2024.09.04 04:00:00,1.10481,1.10571,1.10475,1.10562,3718
2024.09.04 08:00:00,1.10562,1.10626,1.10467,1.10515,7353
2024.09.04 12:00:00,1.10516,1.10585,1.10398,1.10525,6783
2024.09.04 16:00:00,1.10525,1.10951,1.10499,1.10844,10419
2024.09.04 20:00:00,1.10844,1.1086,1.10653,1.10815,5161
2024.09.05 00:00:00,1.10808,1.1086,1.10756,1.10791,2576
2024.09.05 04:00:00,1.1078999999999999,1.10855,1.10746,1.10769,3813
2024.09.05 08:00:00,1.10769,1.11002,1.10766,1.10988,6909
2024.09.05 12:00:00,1.10989,1.11195,1.1087,1.10922,8656
2024.09.05 16:00:00,1.10924,1.11081,1.10762,1.11008,11685
2024.09.05 20:00:00,1.11008,1.11129,1.10993,1.11092,5552
2024.09.06 00:00:00,1.1109,1.11145,1.11008,1.11133,2024
2024.09.06 04:00:00,1.11132,1.11175,1.11092,1.11158,3181
2024.09.06 08:00:00,1.11158,1.11208,1.11107,1.11173,6807
2024.09.06 12:00:00,1.11172,1.11543,1.10799,1.11208,9434
2024.09.06 16:00:00,1.1120700000000001,1.11343,1.10655,1.10767,16927
2024.09.06 20:00:00,1.10768,1.10894,1.10695,1.1085,7727
2024.09.09 00:00:00,1.10793,1.10909,1.10771,1.10832,3689
2024.09.09 04:00:00,1.10832,1.10909,1.10745,1.10755,4436
2024.09.09 08:00:00,1.10755,1.10757,1.10454,1.10474,7655
2024.09.09 12:00:00,1.10474,1.10589,1.10356,1.10395,7568
2024.09.09 16:00:00,1.10395,1.10519,1.1034,1.10486,9693
2024.09.09 20:00:00,1.10489,1.10534,1.10326,1.10332,5635
2024.09.10 00:00:00,1.10334,1.10395,1.10283,1.10307,2293
2024.09.10 04:00:00,1.10307,1.10404,1.10305,1.10399,2774
2024.09.10 08:00:00,1.104,1.10496,1.10334,1.10376,6215
2024.09.10 12:00:00,1.10378,1.10437,1.10264,1.10297,6908
2024.09.10 16:00:00,1.10296,1.10347,1.1015,1.10264,9354
2024.09.10 20:00:00,1.10264,1.10277,1.10176,1.10186,4519
2024.09.11 00:00:00,1.10184,1.10236,1.10164,1.10199,2052
2024.09.11 04:00:00,1.102,1.1047,1.10181,1.10464,5130
2024.09.11 08:00:00,1.10465,1.10518,1.10365,1.10437,6694
2024.09.11 12:00:00,1.10436,1.1054599999999999,1.10033,1.10161,8668
2024.09.11 16:00:00,1.10164,1.10261,1.10018,1.10157,12121
2024.09.11 20:00:00,1.10157,1.10262,1.10103,1.10114,5587
2024.09.12 00:00:00,1.101,1.1015,1.10059,1.10066,1923
2024.09.12 04:00:00,1.10066,1.10167,1.10065,1.10162,2813
2024.09.12 08:00:00,1.10162,1.10238,1.10054,1.10154,5966
2024.09.12 12:00:00,1.10155,1.10322,1.10099,1.10249,7777
2024.09.12 16:00:00,1.10249,1.10479,1.10247,1.10458,10387
2024.09.12 20:00:00,1.10461,1.10749,1.1042399999999999,1.10737,6804
2024.09.13 00:00:00,1.10734,1.10872,1.10684,1.10869,2681
2024.09.13 04:00:00,1.10869,1.109,1.10792,1.10844,3765
2024.09.13 08:00:00,1.10842,1.10937,1.1073,1.10926,6455
2024.09.13 12:00:00,1.10926,1.11007,1.10792,1.10929,8073
2024.09.13 16:00:00,1.10928,1.11016,1.10768,1.10838,10203
2024.09.13 20:00:00,1.10838,1.10857,1.10727,1.10753,4378
2024.09.16 00:00:00,1.10755,1.10924,1.10743,1.10894,2412
2024.09.16 04:00:00,1.10894,1.1105,1.10866,1.1097,3360
2024.09.16 08:00:00,1.1097,1.1126,1.10956,1.11226,6079
2024.09.16 12:00:00,1.11226,1.11328,1.11158,1.11248,7332
2024.09.16 16:00:00,1.1125099999999999,1.11375,1.11164,1.11288,8797
2024.09.16 20:00:00,1.11289,1.11332,1.1116,1.11316,4526
2024.09.17 00:00:00,1.1131199999999999,1.1132,1.11218,1.11229,2461
2024.09.17 04:00:00,1.11227,1.11296,1.11216,1.11243,3372
2024.09.17 08:00:00,1.11242,1.11461,1.11156,1.11446,6191
2024.09.17 12:00:00,1.11447,1.11447,1.11177,1.11248,8201
2024.09.17 16:00:00,1.11246,1.11281,1.11115,1.11193,11082
2024.09.17 20:00:00,1.11194,1.11234,1.11103,1.11124,5944
2024.09.18 00:00:00,1.11116,1.11284,1.11113,1.1126800000000001,2146
2024.09.18 04:00:00,1.11269,1.11304,1.112,1.112,3049
2024.09.18 08:00:00,1.11199,1.11332,1.11152,1.11295,6284
2024.09.18 12:00:00,1.11294,1.11397,1.11178,1.11222,6447
2024.09.18 16:00:00,1.11223,1.11396,1.1108,1.11242,9008
2024.09.18 20:00:00,1.11242,1.1189,1.10966,1.11176,14046
2024.09.19 00:00:00,1.11174,1.11238,1.1078999999999999,1.10813,4288
2024.09.19 04:00:00,1.10814,1.11212,1.10684,1.11201,6341
2024.09.19 08:00:00,1.11201,1.1169,1.112,1.11627,9561
2024.09.19 12:00:00,1.11625,1.11786,1.11255,1.11258,10952
2024.09.19 16:00:00,1.11254,1.11581,1.11164,1.11554,12644
2024.09.19 20:00:00,1.11554,1.1167799999999999,1.11522,1.11605,5590
2024.09.20 00:00:00,1.11613,1.11627,1.11571,1.11602,2529
2024.09.20 04:00:00,1.11603,1.11691,1.11572,1.11649,4687
2024.09.20 08:00:00,1.11649,1.11817,1.11522,1.11642,8375
2024.09.20 12:00:00,1.11643,1.11767,1.1154,1.11742,7343
2024.09.20 16:00:00,1.11741,1.11761,1.11359,1.11736,12524
2024.09.20 20:00:00,1.11734,1.11741,1.1156,1.11629,5598
2024.09.23 00:00:00,1.11615,1.11646,1.1156,1.11588,2724
2024.09.23 04:00:00,1.11585,1.11649,1.11557,1.11635,3482
2024.09.23 08:00:00,1.11634,1.11671,1.10831,1.10924,8980
2024.09.23 12:00:00,1.10923,1.11255,1.10921,1.11223,8182
2024.09.23 16:00:00,1.11223,1.11432,1.11152,1.1125,11603
2024.09.23 20:00:00,1.11252,1.11284,1.11096,1.11099,5227
2024.09.24 00:00:00,1.11152,1.11161,1.11041,1.11056,2538
2024.09.24 04:00:00,1.11056,1.11176,1.1103,1.11168,4459
2024.09.24 08:00:00,1.11168,1.11447,1.11042,1.11399,8501
2024.09.24 12:00:00,1.11398,1.11476,1.1122,1.11407,7624
2024.09.24 16:00:00,1.11408,1.11634,1.11324,1.11584,10690
2024.09.24 20:00:00,1.11584,1.11807,1.11546,1.11785,4868
2024.09.25 00:00:00,1.11765,1.11938,1.11726,1.11931,2758
2024.09.25 04:00:00,1.11931,1.11985,1.11853,1.1195599999999999,4169
2024.09.25 08:00:00,1.1195599999999999,1.11963,1.1182,1.11847,7044
2024.09.25 12:00:00,1.11846,1.12077,1.1178,1.11975,7822
2024.09.25 16:00:00,1.11975,1.1214,1.11327,1.11342,11206
2024.09.25 20:00:00,1.11342,1.11386,1.11214,1.11321,5326
2024.09.26 00:00:00,1.11306,1.11368,1.11263,1.11366,2055
2024.09.26 04:00:00,1.11366,1.1145100000000001,1.11315,1.11415,3243
2024.09.26 08:00:00,1.11415,1.11578,1.11257,1.11411,8264
2024.09.26 12:00:00,1.11413,1.11652,1.1137299999999999,1.11511,9661
2024.09.26 16:00:00,1.1151200000000001,1.1189,1.11257,1.11691,12349
2024.09.26 20:00:00,1.11689,1.1184,1.11682,1.11756,5629
2024.09.27 00:00:00,1.11746,1.11785,1.1167799999999999,1.11691,2842
2024.09.27 04:00:00,1.11691,1.11731,1.11623,1.11645,4602
2024.09.27 08:00:00,1.11645,1.1176,1.11247,1.11444,10578
2024.09.27 12:00:00,1.11444,1.12014,1.11371,1.11995,9263
2024.09.27 16:00:00,1.11991,1.12028,1.11463,1.11515,11744
2024.09.27 20:00:00,1.11515,1.11677,1.11503,1.11629,5952
2024.09.30 00:00:00,1.116,1.11737,1.11524,1.11707,3162
2024.09.30 04:00:00,1.11706,1.11725,1.11561,1.11615,4195
2024.09.30 08:00:00,1.11615,1.12087,1.1156,1.12049,7744
2024.09.30 12:00:00,1.12056,1.12057,1.11833,1.11897,7668
2024.09.30 16:00:00,1.11898,1.1191200000000001,1.11349,1.11482,11645
2024.09.30 20:00:00,1.11482,1.11623,1.11136,1.11341,8124
2024.10.01 00:00:00,1.11334,1.11426,1.11265,1.1132,2710
2024.10.01 04:00:00,1.11321,1.11433,1.1131199999999999,1.11405,3535
2024.10.01 08:00:00,1.11407,1.11439,1.10979,1.11015,8615
2024.10.01 12:00:00,1.11016,1.11143,1.107,1.1071,9022
2024.10.01 16:00:00,1.10709,1.10866,1.10483,1.10543,13361
2024.10.01 20:00:00,1.1054,1.1077,1.10457,1.10669,6945
2024.10.02 00:00:00,1.10628,1.10718,1.10621,1.10654,2777
2024.10.02 04:00:00,1.10657,1.10738,1.10603,1.10628,4339
2024.10.02 08:00:00,1.10629,1.10827,1.1054,1.10722,8084
2024.10.02 12:00:00,1.10723,1.10773,1.10511,1.10532,8295
2024.10.02 16:00:00,1.10536,1.10655,1.10326,1.10464,10153
2024.10.02 20:00:00,1.10466,1.10533,1.10366,1.10432,4817
2024.10.03 00:00:00,1.10429,1.10491,1.10371,1.1039,2667
2024.10.03 04:00:00,1.10389,1.10406,1.1032,1.10328,3733
2024.10.03 08:00:00,1.10328,1.1046,1.10249,1.10374,8391
2024.10.03 12:00:00,1.10376,1.10466,1.10281,1.10321,8492
2024.10.03 16:00:00,1.10316,1.10437,1.1008,1.10302,12176
2024.10.03 20:00:00,1.10305,1.1036,1.10249,1.10306,4835
2024.10.04 00:00:00,1.10334,1.10396,1.10233,1.10346,2378
2024.10.04 04:00:00,1.10345,1.10359,1.10251,1.10276,4710
2024.10.04 08:00:00,1.10276,1.10354,1.10211,1.10253,6759
2024.10.04 12:00:00,1.10254,1.10367,1.09589,1.09609,8731
2024.10.04 16:00:00,1.09606,1.09816,1.09512,1.09595,11787
2024.10.04 20:00:00,1.09594,1.09777,1.09576,1.09737,4599
2024.10.07 00:00:00,1.09633,1.09753,1.09543,1.09699,3703
2024.10.07 04:00:00,1.09698,1.09775,1.09682,1.09685,4785
2024.10.07 08:00:00,1.09684,1.09789,1.0958,1.097,7780
2024.10.07 12:00:00,1.097,1.09833,1.09541,1.09772,8868
2024.10.07 16:00:00,1.09771,1.09846,1.09696,1.0984,9908
2024.10.07 20:00:00,1.09837,1.09867,1.09656,1.09739,4804
2024.10.08 00:00:00,1.09743,1.09838,1.09581,1.09816,2562
2024.10.08 04:00:00,1.09815,1.09867,1.09727,1.09854,5401
2024.10.08 08:00:00,1.09853,1.0997,1.09785,1.09937,7866
2024.10.08 12:00:00,1.09937,1.09946,1.09713,1.09758,7177
2024.10.08 16:00:00,1.09754,1.09838,1.09608,1.09755,9033
2024.10.08 20:00:00,1.09755,1.09802,1.09656,1.09721,4336
2024.10.09 00:00:00,1.0977,1.09809,1.09686,1.09754,2259
2024.10.09 04:00:00,1.09753,1.09772,1.0962,1.09631,4841
2024.10.09 08:00:00,1.09631,1.09759,1.0951,1.09574,8059
2024.10.09 12:00:00,1.09577,1.09705,1.09526,1.09566,6234
2024.10.09 16:00:00,1.09566,1.09596,1.09394,1.09413,8368
2024.10.09 20:00:00,1.09413,1.09425,1.0936,1.09372,4316
2024.10.10 00:00:00,1.09379,1.09428,1.09367,1.09404,2175
2024.10.10 04:00:00,1.094,1.09459,1.09382,1.09408,4503
2024.10.10 08:00:00,1.09408,1.0943,1.0928,1.09329,6297
2024.10.10 12:00:00,1.09329,1.09548,1.09055,1.0944,8400
2024.10.10 16:00:00,1.09445,1.09496,1.09028,1.09059,11969
2024.10.10 20:00:00,1.09063,1.09376,1.09,1.09346,5710
2024.10.11 00:00:00,1.09249,1.09378,1.09095,1.09372,2067
2024.10.11 04:00:00,1.09373,1.09406,1.09294,1.09355,3168
2024.10.11 08:00:00,1.09355,1.09537,1.09321,1.09494,5120
2024.10.11 12:00:00,1.0949200000000001,1.09509,1.09259,1.09329,6617
2024.10.11 16:00:00,1.09329,1.09523,1.09279,1.09448,8502
2024.10.11 20:00:00,1.09447,1.09473,1.09323,1.09362,3616
2024.10.14 00:00:00,1.093,1.09345,1.09152,1.09214,2315
2024.10.14 04:00:00,1.09213,1.09291,1.09178,1.09236,3513
2024.10.14 08:00:00,1.09236,1.09315,1.09224,1.09268,5402
2024.10.14 12:00:00,1.09267,1.09365,1.09072,1.09095,5734
2024.10.14 16:00:00,1.09093,1.09271,1.09006,1.09015,7255
2024.10.14 20:00:00,1.09015,1.0909200000000001,1.08879,1.09081,3604
2024.10.15 00:00:00,1.09045,1.09103,1.0904,1.09073,1887
2024.10.15 04:00:00,1.09072,1.09087,1.08915,1.08928,3448
2024.10.15 08:00:00,1.08928,1.09159,1.08849,1.09103,6648
2024.10.15 12:00:00,1.09104,1.09148,1.08971,1.09099,7263
2024.10.15 16:00:00,1.091,1.09165,1.08891,1.08891,8994
2024.10.15 20:00:00,1.08893,1.0892,1.08817,1.08907,4711
2024.10.16 00:00:00,1.0889,1.08946,1.08819,1.08852,1833
2024.10.16 04:00:00,1.08853,1.08956,1.08842,1.08894,3456
2024.10.16 08:00:00,1.08893,1.08901,1.08751,1.08832,6911
2024.10.16 12:00:00,1.0883099999999999,1.09013,1.08825,1.08886,6413
2024.10.16 16:00:00,1.08891,1.08974,1.0866,1.08681,7490
2024.10.16 20:00:00,1.08682,1.08682,1.08533,1.08605,3685
2024.10.17 00:00:00,1.08556,1.08754,1.0855299999999999,1.08632,2467
2024.10.17 04:00:00,1.0863,1.0865,1.08507,1.08533,3830
2024.10.17 08:00:00,1.08533,1.08582,1.08488,1.08515,5826
2024.10.17 12:00:00,1.08517,1.08733,1.08332,1.08427,7359
2024.10.17 16:00:00,1.08427,1.08445,1.08109,1.08246,10881
2024.10.17 20:00:00,1.08253,1.08318,1.08208,1.083,4243
2024.10.18 00:00:00,1.08302,1.08329,1.08252,1.08288,2178
2024.10.18 04:00:00,1.08288,1.08404,1.08273,1.08403,3580
2024.10.18 08:00:00,1.08405,1.08484,1.08344,1.08377,6504
2024.10.18 12:00:00,1.08377,1.08599,1.0834,1.08592,6604
2024.10.18 16:00:00,1.08591,1.0868,1.08511,1.08664,7032
2024.10.18 20:00:00,1.0866500000000001,1.08694,1.08589,1.08666,3830
2024.10.21 00:00:00,1.0861,1.08717,1.08591,1.08648,2372
2024.10.21 04:00:00,1.08648,1.08691,1.08582,1.08585,3450
2024.10.21 08:00:00,1.08585,1.08633,1.08462,1.08552,5267
2024.10.21 12:00:00,1.08551,1.08589,1.08444,1.08572,5700
2024.10.21 16:00:00,1.08572,1.08578,1.0817,1.08185,7528
2024.10.21 20:00:00,1.08184,1.08228,1.08109,1.08147,4090
2024.10.22 00:00:00,1.08128,1.08182,1.08099,1.0816,2054
2024.10.22 04:00:00,1.0816,1.08212,1.08147,1.08201,3411
2024.10.22 08:00:00,1.08201,1.0838,1.0818,1.0827,5546
2024.10.22 12:00:00,1.08269,1.08305,1.08107,1.08117,6501
2024.10.22 16:00:00,1.08116,1.08183,1.08007,1.08075,7958
2024.10.22 20:00:00,1.08075,1.08087,1.07925,1.07988,3802
2024.10.23 00:00:00,1.07992,1.08006,1.07921,1.0795,1874
2024.10.23 04:00:00,1.07951,1.08052,1.07936,1.0802,3489
2024.10.23 08:00:00,1.0802,1.0806499999999999,1.07793,1.0788,6196
2024.10.23 12:00:00,1.07881,1.07892,1.07611,1.07743,6688
2024.10.23 16:00:00,1.07742,1.0786,1.07696,1.0773,7487
2024.10.23 20:00:00,1.0773,1.07864,1.07671,1.07811,4953
2024.10.24 00:00:00,1.07808,1.07897,1.0778699999999999,1.07886,2314
2024.10.24 04:00:00,1.07887,1.07934,1.0781,1.07929,3461
2024.10.24 08:00:00,1.07929,1.08078,1.07706,1.08031,7224
2024.10.24 12:00:00,1.08028,1.0805,1.07885,1.07963,7008
2024.10.24 16:00:00,1.07964,1.0811,1.0795,1.08107,8590
2024.10.24 20:00:00,1.08106,1.08297,1.08105,1.08266,3906
2024.10.25 00:00:00,1.08271,1.08285,1.082,1.08216,2157
2024.10.25 04:00:00,1.08217,1.08274,1.082,1.08218,3075
2024.10.25 08:00:00,1.08217,1.0836999999999999,1.08135,1.08237,6063
2024.10.25 12:00:00,1.08237,1.08391,1.08209,1.08383,5587
2024.10.25 16:00:00,1.08383,1.08384,1.08024,1.08048,7790
2024.10.25 20:00:00,1.08051,1.08064,1.0793,1.07952,4647
2024.10.28 00:00:00,1.07937,1.08015,1.07857,1.0790899999999999,4722
2024.10.28 04:00:00,1.07907,1.07956,1.07819,1.07876,3498
2024.10.28 08:00:00,1.07873,1.08212,1.07861,1.08128,6201
2024.10.28 12:00:00,1.08129,1.08261,1.08109,1.08202,6736
2024.10.28 16:00:00,1.08202,1.08275,1.08129,1.08136,6797
2024.10.28 20:00:00,1.0813,1.08188,1.08099,1.08135,3327
2024.10.29 00:00:00,1.08135,1.0819,1.08107,1.08156,3170
2024.10.29 04:00:00,1.08157,1.0818,1.0806,1.0811,3270
2024.10.29 08:00:00,1.08109,1.08262,1.08055,1.08176,6213
2024.10.29 12:00:00,1.08176,1.08206,1.07687,1.07867,8288
2024.10.29 16:00:00,1.07855,1.08119,1.0785,1.08056,10640
2024.10.29 20:00:00,1.08057,1.08181,1.08031,1.08136,3755
2024.10.30 00:00:00,1.08133,1.08259,1.08121,1.08215,2911
2024.10.30 04:00:00,1.08215,1.08216,1.0813,1.08155,2933
2024.10.30 08:00:00,1.08154,1.08591,1.08154,1.08395,7405
2024.10.30 12:00:00,1.08395,1.08442,1.08081,1.08433,9505
2024.10.30 16:00:00,1.08434,1.08686,1.08417,1.0866,9802
2024.10.30 20:00:00,1.08659,1.08712,1.08521,1.08554,4036
2024.10.31 00:00:00,1.08554,1.08599,1.08441,1.08446,3207
2024.10.31 04:00:00,1.08447,1.08533,1.08443,1.08512,3466
2024.10.31 08:00:00,1.08513,1.08671,1.08476,1.0865,7232
2024.10.31 12:00:00,1.0865,1.08879,1.08559,1.08593,9799
2024.10.31 16:00:00,1.08593,1.08766,1.08466,1.0861399999999999,11476
2024.10.31 20:00:00,1.08615,1.08852,1.08605,1.08817,4907
2024.11.01 00:00:00,1.08817,1.08885,1.08785,1.08798,3256
2024.11.01 04:00:00,1.08798,1.08811,1.08708,1.08715,2920
2024.11.01 08:00:00,1.08715,1.08773,1.08572,1.08583,6108
2024.11.01 12:00:00,1.08582,1.09054,1.08523,1.08679,9960
2024.11.01 16:00:00,1.08702,1.0873,1.0834,1.08359,9652
2024.11.01 20:00:00,1.08358,1.08455,1.08318,1.0833,3563
2024.11.04 00:00:00,1.08755,1.08912,1.08698,1.08882,4425
2024.11.04 04:00:00,1.08882,1.09048,1.08847,1.08988,4496
2024.11.04 08:00:00,1.08988,1.0902,1.0887,1.08961,7044
2024.11.04 12:00:00,1.08961,1.09147,1.08933,1.09051,6804
2024.11.04 16:00:00,1.0905,1.09097,1.08798,1.08885,9115
2024.11.04 20:00:00,1.08887,1.08891,1.08738,1.08767,4585
2024.11.05 00:00:00,1.08768,1.0878700000000001,1.08723,1.08774,2272
2024.11.05 04:00:00,1.08775,1.08799,1.08743,1.08785,2706
2024.11.05 08:00:00,1.08785,1.08975,1.08768,1.08917,5012
2024.11.05 12:00:00,1.08919,1.09016,1.08895,1.08928,5120
2024.11.05 16:00:00,1.08925,1.09303,1.08894,1.09301,8751
2024.11.05 20:00:00,1.09302,1.09363,1.09241,1.09263,4904
2024.11.06 00:00:00,1.09274,1.09369,1.08212,1.08366,10086
2024.11.06 04:00:00,1.08365,1.08391,1.07181,1.07597,15680
2024.11.06 08:00:00,1.07601,1.07812,1.07026,1.07552,15173
2024.11.06 12:00:00,1.07547,1.07616,1.06825,1.07098,13590
2024.11.06 16:00:00,1.07091,1.0745,1.06983,1.07271,13667
2024.11.06 20:00:00,1.07271,1.0758,1.07254,1.07254,7869
2024.11.07 00:00:00,1.0722,1.07372,1.07128,1.07176,4209
2024.11.07 04:00:00,1.07176,1.07477,1.07173,1.07461,4747
2024.11.07 08:00:00,1.07459,1.07714,1.07409,1.07462,9245
2024.11.07 12:00:00,1.07462,1.07945,1.07462,1.07923,9889
2024.11.07 16:00:00,1.07923,1.08246,1.07811,1.08046,11004
2024.11.07 20:00:00,1.08051,1.08093,1.07669,1.08034,9976
2024.11.08 00:00:00,1.08035,1.08047,1.07791,1.07868,3872
2024.11.08 04:00:00,1.07868,1.07896,1.07764,1.07816,4672
2024.11.08 08:00:00,1.07816,1.07891,1.07609,1.0779,9790
2024.11.08 12:00:00,1.07789,1.07973,1.0744,1.07527,9272
2024.11.08 16:00:00,1.07527,1.0765500000000001,1.06868,1.0709,11347
2024.11.08 20:00:00,1.0709,1.07214,1.06999,1.07179,4952
2024.11.11 00:00:00,1.0708,1.07277,1.07042,1.07201,4692
2024.11.11 04:00:00,1.07202,1.07268,1.07078,1.07174,4047
2024.11.11 08:00:00,1.07174,1.07219,1.06679,1.06815,8369
2024.11.11 12:00:00,1.06814,1.06884,1.06362,1.06479,8026
2024.11.11 16:00:00,1.0648,1.06575,1.06286,1.0649,7690
2024.11.11 20:00:00,1.0648900000000001,1.06577,1.06458,1.06509,3584
2024.11.12 00:00:00,1.06508,1.0663,1.06407,1.06481,3443
2024.11.12 04:00:00,1.06482,1.06516,1.06379,1.06398,5084
2024.11.12 08:00:00,1.06392,1.06392,1.06164,1.06263,8745
2024.11.12 12:00:00,1.06262,1.06295,1.06062,1.06228,8916
2024.11.12 16:00:00,1.06228,1.06259,1.05949,1.06067,10896
2024.11.12 20:00:00,1.06067,1.06265,1.06063,1.062,5250
2024.11.13 00:00:00,1.06202,1.06289,1.06109,1.06278,3976
2024.11.13 04:00:00,1.06279,1.06292,1.06093,1.06129,3750
2024.11.13 08:00:00,1.06129,1.06296,1.05932,1.06267,7366
2024.11.13 12:00:00,1.06268,1.0653299999999999,1.061,1.06364,9394
2024.11.13 16:00:00,1.06364,1.06378,1.05556,1.05688,14417
2024.11.13 20:00:00,1.0569,1.05757,1.05563,1.05618,5957
2024.11.14 00:00:00,1.05626,1.05684,1.05508,1.05559,3847
2024.11.14 04:00:00,1.05558,1.05576,1.05339,1.0547,4741
2024.11.14 08:00:00,1.05469,1.05577,1.05177,1.05203,8136
2024.11.14 12:00:00,1.05202,1.0545,1.04961,1.05305,11028
2024.11.14 16:00:00,1.05301,1.05824,1.05293,1.05591,12173
2024.11.14 20:00:00,1.05592,1.05604,1.05118,1.05298,8143
2024.11.15 00:00:00,1.05306,1.05415,1.05236,1.05318,4056
2024.11.15 04:00:00,1.05318,1.05459,1.05317,1.05401,4653
2024.11.15 08:00:00,1.054,1.05799,1.05336,1.0562,8180
2024.11.15 12:00:00,1.05622,1.05926,1.05537,1.05583,9583
2024.11.15 16:00:00,1.05584,1.05632,1.0523,1.05486,13226
2024.11.15 20:00:00,1.05488,1.05545,1.05163,1.05389,6437
2024.11.18 00:00:00,1.053,1.05505,1.0529,1.0542,5108
2024.11.18 04:00:00,1.05419,1.05464,1.05303,1.0538,4645
2024.11.18 08:00:00,1.05376,1.05711,1.05362,1.05661,8023
2024.11.18 12:00:00,1.05657,1.05685,1.05323,1.05678,8171
2024.11.18 16:00:00,1.05677,1.05923,1.05605,1.05909,9201
2024.11.18 20:00:00,1.0591,1.0607,1.05871,1.05974,4668
2024.11.19 00:00:00,1.05964,1.05993,1.0587,1.05929,3734
2024.11.19 04:00:00,1.05929,1.06006,1.05826,1.05834,4318
2024.11.19 08:00:00,1.05836,1.05962,1.05238,1.05492,10667
2024.11.19 12:00:00,1.05492,1.05971,1.05433,1.0576699999999999,9508
2024.11.19 16:00:00,1.05762,1.06005,1.05654,1.05802,11461
2024.11.19 20:00:00,1.05801,1.05978,1.0571,1.05931,5191
2024.11.20 00:00:00,1.05898,1.06097,1.05894,1.06,3878
2024.11.20 04:00:00,1.06003,1.06033,1.05864,1.05871,3291
2024.11.20 08:00:00,1.05869,1.05953,1.0553,1.05554,8270
2024.11.20 12:00:00,1.05552,1.05677,1.0542,1.05565,8229
2024.11.20 16:00:00,1.05564,1.05567,1.05068,1.0532,10461
2024.11.20 20:00:00,1.0532,1.05442,1.05254,1.05431,4585
2024.11.21 00:00:00,1.05431,1.05495,1.05364,1.05457,2756
2024.11.21 04:00:00,1.05457,1.05548,1.05456,1.05465,3215
2024.11.21 08:00:00,1.0547,1.05543,1.05138,1.05168,9324
2024.11.21 12:00:00,1.05169,1.0539,1.0514000000000001,1.05328,8840
2024.11.21 16:00:00,1.05328,1.05445,1.04621,1.04873,13257
2024.11.21 20:00:00,1.04872,1.04892,1.04716,1.04734,5304
2024.11.22 00:00:00,1.04732,1.04776,1.04664,1.04714,3509
2024.11.22 04:00:00,1.04714,1.04781,1.04615,1.04646,4143
2024.11.22 08:00:00,1.04644,1.04979,1.03313,1.04019,12050
2024.11.22 12:00:00,1.0402,1.04373,1.03848,1.04293,12125
2024.11.22 16:00:00,1.04294,1.04346,1.0392,1.04189,12126
2024.11.22 20:00:00,1.04186,1.04253,1.04079,1.04178,4902
2024.11.25 00:00:00,1.04799,1.05011,1.04616,1.04779,6777
2024.11.25 04:00:00,1.04776,1.04893,1.04744,1.0479,5119
2024.11.25 08:00:00,1.0479,1.04969,1.0449,1.04892,10254
2024.11.25 12:00:00,1.0489,1.053,1.04739,1.05284,10475
2024.11.25 16:00:00,1.05283,1.053,1.04667,1.04859,11561
2024.11.25 20:00:00,1.04859,1.05106,1.04857,1.04928,5135
2024.11.26 00:00:00,1.04889,1.05005,1.0425,1.0454,8307
2024.11.26 04:00:00,1.0454,1.04904,1.04513,1.04752,4991
2024.11.26 08:00:00,1.04752,1.05189,1.04701,1.05072,10423
2024.11.26 12:00:00,1.05072,1.05446,1.04999,1.05035,10402
2024.11.26 16:00:00,1.05034,1.05098,1.04635,1.04703,12162
2024.11.26 20:00:00,1.04703,1.04901,1.04571,1.04811,6802
2024.11.27 00:00:00,1.0481,1.04962,1.04763,1.04866,4610
2024.11.27 04:00:00,1.04864,1.0488,1.04743,1.04768,4148
2024.11.27 08:00:00,1.04767,1.05402,1.04752,1.05164,10635
2024.11.27 12:00:00,1.05162,1.05736,1.05104,1.05726,10642
2024.11.27 16:00:00,1.0573,1.05875,1.0533,1.05763,13124
2024.11.27 20:00:00,1.05763,1.05785,1.05592,1.05643,5171
2024.11.28 00:00:00,1.05645,1.0569,1.05472,1.05569,4105
2024.11.28 04:00:00,1.05572,1.0561,1.05486,1.055,4237
2024.11.28 08:00:00,1.05499,1.05563,1.05275,1.05319,9305
2024.11.28 12:00:00,1.0532,1.05562,1.05299,1.05338,7491
2024.11.28 16:00:00,1.05338,1.05569,1.05314,1.05527,6200
2024.11.28 20:00:00,1.05527,1.05569,1.05469,1.05469,1105
2024.11.29 00:00:00,1.05477,1.05746,1.05464,1.05598,5114
2024.11.29 04:00:00,1.05597,1.0576699999999999,1.05589,1.05679,5250
2024.11.29 08:00:00,1.05675,1.0597,1.05519,1.05565,9746
2024.11.29 12:00:00,1.05564,1.05731,1.05481,1.05627,9890
2024.11.29 16:00:00,1.05628,1.05677,1.05414,1.05676,10939
2024.11.29 20:00:00,1.05672,1.05844,1.05672,1.05755,3684
2024.12.02 00:00:00,1.057,1.05719,1.05279,1.05304,6036
2024.12.02 04:00:00,1.05304,1.05319,1.05151,1.0522,5628
2024.12.02 08:00:00,1.05218,1.05371,1.04959,1.05134,10922
2024.12.02 12:00:00,1.05131,1.05381,1.04949,1.05055,10449
2024.12.02 16:00:00,1.05065,1.05146,1.04606,1.04874,13503
2024.12.02 20:00:00,1.04873,1.05158,1.04845,1.0496,6279
2024.12.03 00:00:00,1.04968,1.05015,1.04842,1.04878,4238
2024.12.03 04:00:00,1.04877,1.04943,1.04807,1.04914,4967
2024.12.03 08:00:00,1.04914,1.05306,1.04833,1.05203,9503
2024.12.03 12:00:00,1.05202,1.05296,1.0506199999999999,1.05238,8907
2024.12.03 16:00:00,1.05242,1.05301,1.0492,1.05285,12465
2024.12.03 20:00:00,1.05281,1.05349,1.05028,1.05049,5693
2024.12.04 00:00:00,1.05052,1.05125,1.04972,1.0506,4057
2024.12.04 04:00:00,1.05061,1.05198,1.04878,1.05149,5985
2024.12.04 08:00:00,1.05152,1.05288,1.04824,1.05028,9573
2024.12.04 12:00:00,1.0503,1.05122,1.0479,1.04835,9834
2024.12.04 16:00:00,1.04833,1.05439,1.04722,1.05372,12886
2024.12.04 20:00:00,1.05371,1.05387,1.05048,1.0506,7088
2024.12.05 00:00:00,1.05051,1.05157,1.05051,1.05121,3742
2024.12.05 04:00:00,1.05121,1.05287,1.05105,1.05264,4323
2024.12.05 08:00:00,1.05264,1.05463,1.05211,1.05285,7869
2024.12.05 12:00:00,1.05278,1.0568,1.05233,1.05669,9371
2024.12.05 16:00:00,1.05668,1.05895,1.05506,1.05675,11431
2024.12.05 20:00:00,1.05674,1.05885,1.05569,1.05824,5418
2024.12.06 00:00:00,1.05823,1.0588,1.05658,1.05685,3618
2024.12.06 04:00:00,1.05686,1.05802,1.05682,1.05721,4596
2024.12.06 08:00:00,1.05721,1.05938,1.05674,1.05772,7600
2024.12.06 12:00:00,1.05775,1.06296,1.05714,1.06043,9498
2024.12.06 16:00:00,1.06046,1.06069,1.05442,1.05509,12623
2024.12.06 20:00:00,1.05508,1.05694,1.05421,1.05665,5018
2024.12.09 00:00:00,1.05557,1.05692,1.05512,1.05518,3750
2024.12.09 04:00:00,1.05518,1.05563,1.05321,1.0537,4493
2024.12.09 08:00:00,1.05371,1.05748,1.05364,1.05661,8730
2024.12.09 12:00:00,1.05661,1.05853,1.05577,1.0576,8296
2024.12.09 16:00:00,1.05761,1.05943,1.05666,1.05668,9360
2024.12.09 20:00:00,1.05667,1.05675,1.0547,1.05496,4914
2024.12.10 00:00:00,1.0551,1.0557,1.05452,1.05529,3400
2024.12.10 04:00:00,1.05529,1.05625,1.05489,1.05619,5469
2024.12.10 08:00:00,1.05618,1.0568,1.0523,1.05311,7806
2024.12.10 12:00:00,1.05309,1.05377,1.05158,1.05228,8491
2024.12.10 16:00:00,1.05239,1.0531,1.04985,1.05095,10158
2024.12.10 20:00:00,1.05096,1.05311,1.05086,1.05235,5409
2024.12.11 00:00:00,1.05256,1.05355,1.05241,1.05345,3297
2024.12.11 04:00:00,1.05345,1.05393,1.05205,1.05239,3808
2024.12.11 08:00:00,1.05238,1.05282,1.04879,1.05004,9348
2024.12.11 12:00:00,1.05003,1.0537,1.0487,1.05241,10258
2024.12.11 16:00:00,1.0524,1.0529,1.04801,1.04875,12248
2024.12.11 20:00:00,1.04874,1.04998,1.04815,1.04917,5837
2024.12.12 00:00:00,1.04887,1.05086,1.04887,1.0506,3708
2024.12.12 04:00:00,1.0506199999999999,1.05094,1.05007,1.05063,3881
2024.12.12 08:00:00,1.05064,1.05309,1.05042,1.05099,8498
2024.12.12 12:00:00,1.05099,1.0514000000000001,1.04695,1.04846,10308
2024.12.12 16:00:00,1.04855,1.05208,1.04636,1.05004,14065
2024.12.12 20:00:00,1.05008,1.05023,1.04622,1.04641,6330
2024.12.13 00:00:00,1.04674,1.04808,1.04618,1.04651,4165
2024.12.13 04:00:00,1.04651,1.04667,1.04562,1.04651,4312
2024.12.13 08:00:00,1.04651,1.0493999999999999,1.04532,1.04864,8383
2024.12.13 12:00:00,1.04877,1.05241,1.04833,1.05102,9328
2024.12.13 16:00:00,1.05103,1.05103,1.04821,1.04964,9747
2024.12.13 20:00:00,1.04964,1.05045,1.0489,1.05025,4613
2024.12.16 00:00:00,1.04841,1.05212,1.04841,1.05188,3819
2024.12.16 04:00:00,1.05189,1.05228,1.05096,1.05195,3495
2024.12.16 08:00:00,1.05195,1.0524499999999999,1.0500099999999999,1.05051,7683
2024.12.16 12:00:00,1.05051,1.0508,1.04832,1.05075,7247
2024.12.16 16:00:00,1.05075,1.05205,1.04745,1.05111,10391
2024.12.16 20:00:00,1.05112,1.05224,1.05057,1.05088,4929
2024.12.17 00:00:00,1.05063,1.05342,1.05063,1.05213,3468
2024.12.17 04:00:00,1.05213,1.05267,1.05026,1.05045,3650
2024.12.17 08:00:00,1.05046,1.0509,1.04804,1.04856,7960
2024.12.17 12:00:00,1.04872,1.05065,1.04789,1.05048,8472
2024.12.17 16:00:00,1.05046,1.05157,1.04944,1.04996,10452
2024.12.17 20:00:00,1.04993,1.05041,1.04851,1.04883,5073
2024.12.18 00:00:00,1.0486,1.05027,1.0486,1.0502,3108
2024.12.18 04:00:00,1.05023,1.05056,1.04958,1.05021,3710
2024.12.18 08:00:00,1.05021,1.05126,1.04874,1.04941,7058
2024.12.18 12:00:00,1.04942,1.05033,1.04822,1.04919,7841
2024.12.18 16:00:00,1.04919,1.0503,1.0467,1.04753,9270
2024.12.18 20:00:00,1.04753,1.04924,1.03441,1.03496,13271
2024.12.19 00:00:00,1.03485,1.03798,1.03428,1.03779,5950
2024.12.19 04:00:00,1.03784,1.03906,1.03724,1.03819,5803
2024.12.19 08:00:00,1.03816,1.04222,1.03772,1.04124,11178
2024.12.19 12:00:00,1.04124,1.04157,1.03858,1.0399,11458
2024.12.19 16:00:00,1.0399,1.04071,1.03545,1.03615,12645
2024.12.19 20:00:00,1.03615,1.03771,1.03552,1.0362,6554
2024.12.20 00:00:00,1.03616,1.03691,1.03581,1.03633,4177
2024.12.20 04:00:00,1.03634,1.03666,1.03565,1.03661,4644
2024.12.20 08:00:00,1.03661,1.03982,1.0343,1.03828,9853
2024.12.20 12:00:00,1.03828,1.0419100000000001,1.03794,1.04074,9080
2024.12.20 16:00:00,1.04073,1.04447,1.03859,1.04285,13214
2024.12.20 20:00:00,1.04283,1.04473,1.04218,1.04287,6450
2024.12.23 00:00:00,1.04257,1.04446,1.04241,1.04358,3683
2024.12.23 04:00:00,1.04358,1.04451,1.0435699999999999,1.04401,3552
2024.12.23 08:00:00,1.044,1.04421,1.04072,1.04077,6405
2024.12.23 12:00:00,1.04076,1.04096,1.03856,1.03995,7522
2024.12.23 16:00:00,1.03995,1.04178,1.03842,1.03981,9011
2024.12.23 20:00:00,1.03976,1.04139,1.03976,1.04021,4567
2024.12.24 00:00:00,1.04018,1.04097,1.0398,1.04027,2413
2024.12.24 04:00:00,1.04026,1.04086,1.03887,1.03968,2909
2024.12.24 08:00:00,1.03969,1.04054,1.03901,1.03918,4315
2024.12.24 12:00:00,1.03917,1.04034,1.03889,1.04023,5123
2024.12.24 16:00:00,1.04024,1.04098,1.03834,1.03883,6404
2024.12.24 20:00:00,1.03882,1.04024,1.03866,1.03897,2532
2024.12.25 00:00:00,1.03901,1.03963,1.03888,1.03961,18
2024.12.26 00:00:00,1.04021,1.0404,1.03929,1.03971,2929
2024.12.26 04:00:00,1.03971,1.0404,1.03966,1.03977,2212
2024.12.26 08:00:00,1.03976,1.04002,1.03903,1.0399,3177
2024.12.26 12:00:00,1.0399,1.04056,1.03925,1.04025,3636
2024.12.26 16:00:00,1.04026,1.04227,1.03951,1.04115,6592
2024.12.26 20:00:00,1.04116,1.04299,1.04116,1.04151,4123
2024.12.27 00:00:00,1.04147,1.04242,1.04121,1.0413000000000001,2614
2024.12.27 04:00:00,1.0413000000000001,1.04138,1.04065,1.04093,2811
2024.12.27 08:00:00,1.04093,1.04257,1.0405,1.04166,5019
2024.12.27 12:00:00,1.04166,1.04441,1.04116,1.04383,5538
2024.12.27 16:00:00,1.04389,1.04396,1.04144,1.04212,8948
2024.12.27 20:00:00,1.04211,1.04304,1.04203,1.04228,4382
2024.12.30 00:00:00,1.04251,1.04349,1.04246,1.04253,2484
2024.12.30 04:00:00,1.04253,1.04274,1.04209,1.0425,2391
2024.12.30 08:00:00,1.04251,1.0439,1.04092,1.04339,5956
2024.12.30 12:00:00,1.04338,1.04582,1.03851,1.03877,8058
2024.12.30 16:00:00,1.03879,1.04087,1.03715,1.0394,10985
2024.12.30 20:00:00,1.03944,1.0407,1.03937,1.0403,5263
2024.12.31 00:00:00,1.04039,1.04132,1.0394,1.0412,3078
2024.12.31 04:00:00,1.0412,1.04148,1.04024,1.04038,2912
2024.12.31 08:00:00,1.04037,1.04243,1.03995,1.04185,5920
2024.12.31 12:00:00,1.04189,1.04199,1.03834,1.03929,7288
2024.12.31 16:00:00,1.03931,1.03941,1.03438,1.0349,11243
2024.12.31 20:00:00,1.03489,1.03645,1.03455,1.03493,5169
2025.01.02 00:00:00,1.03515,1.03606,1.03444,1.03577,4556
2025.01.02 04:00:00,1.03577,1.03757,1.03576,1.03639,3066
2025.01.02 08:00:00,1.03638,1.03724,1.03461,1.03514,7503
2025.01.02 12:00:00,1.03516,1.03567,1.0311,1.03133,9733
2025.01.02 16:00:00,1.03133,1.03238,1.02239,1.02648,13160
2025.01.02 20:00:00,1.02649,1.02685,1.02478,1.02558,5509
2025.01.03 00:00:00,1.02556,1.02734,1.02513,1.02674,2590
2025.01.03 04:00:00,1.02673,1.02745,1.02645,1.02716,3274
2025.01.03 08:00:00,1.02716,1.02998,1.02686,1.02901,7484
2025.01.03 12:00:00,1.02901,1.03028,1.02791,1.02931,7077
2025.01.03 16:00:00,1.02931,1.03057,1.02728,1.02979,9990
2025.01.03 20:00:00,1.02978,1.03098,1.02925,1.03078,4546
2025.01.06 00:00:00,1.03018,1.03134,1.02955,1.03121,3727
2025.01.06 04:00:00,1.03121,1.03181,1.03084,1.03088,3846
2025.01.06 08:00:00,1.03088,1.03687,1.03076,1.03555,8403
2025.01.06 12:00:00,1.03556,1.04365,1.03288,1.04168,13528
2025.01.06 16:00:00,1.04169,1.04237,1.0352999999999999,1.03872,13673
2025.01.06 20:00:00,1.03872,1.03922,1.0377,1.0386,5594
2025.01.07 00:00:00,1.03864,1.03913,1.03761,1.03812,3683
2025.01.07 04:00:00,1.03808,1.04031,1.03808,1.03966,1160
2025.01.07 08:00:00,1.03966,1.0429599999999999,1.03963,1.04267,6306
2025.01.07 12:00:00,1.04264,1.04343,1.03864,1.03966,9061
2025.01.07 16:00:00,1.03963,1.03975,1.03539,1.03667,13285
2025.01.07 20:00:00,1.03667,1.03693,1.0336400000000001,1.0336400000000001,5982
2025.01.08 00:00:00,1.03371,1.03529,1.03371,1.03526,3390
2025.01.08 04:00:00,1.03528,1.03558,1.03462,1.0354700000000001,3037
2025.01.08 08:00:00,1.03548,1.03573,1.03154,1.03194,8549
2025.01.08 12:00:00,1.03194,1.03211,1.02732,1.03032,12637
2025.01.08 16:00:00,1.03031,1.03143,1.02889,1.03051,11022
2025.01.08 20:00:00,1.03054,1.03242,1.03053,1.03149,6137
2025.01.09 00:00:00,1.03155,1.03187,1.03048,1.03142,3214
2025.01.09 04:00:00,1.03142,1.03212,1.03053,1.03065,3666
2025.01.09 08:00:00,1.03066,1.03174,1.02836,1.03058,9149
2025.01.09 12:00:00,1.03056,1.03185,1.02957,1.03078,8519
2025.01.09 16:00:00,1.03078,1.03145,1.0291,1.02972,7487
2025.01.09 20:00:00,1.02969,1.03034,1.02939,1.02992,2398
2025.01.10 00:00:00,1.03011,1.03042,1.02921,1.03017,2984
2025.01.10 04:00:00,1.03017,1.03035,1.02846,1.02857,3147
2025.01.10 08:00:00,1.02857,1.03117,1.02811,1.02998,7100
2025.01.10 12:00:00,1.02999,1.03117,1.02128,1.02563,9271
2025.01.10 16:00:00,1.02562,1.02786,1.02274,1.02444,14847
2025.01.10 20:00:00,1.02443,1.02488,1.02345,1.02404,6307
2025.01.13 00:00:00,1.0231,1.02497,1.02248,1.02416,3721
2025.01.13 04:00:00,1.02416,1.0245,1.02077,1.02193,4926
2025.01.13 08:00:00,1.02193,1.02311,1.01772,1.01932,10537
2025.01.13 12:00:00,1.0193,1.02204,1.01859,1.02083,10372
2025.01.13 16:00:00,1.02084,1.02193,1.01916,1.02178,10828
2025.01.13 20:00:00,1.02179,1.02463,1.02069,1.02412,5385
2025.01.14 00:00:00,1.02424,1.02773,1.0237,1.02489,5767
2025.01.14 04:00:00,1.0249,1.0255,1.02385,1.02447,4414
2025.01.14 08:00:00,1.02447,1.02747,1.02447,1.02595,9833
2025.01.14 12:00:00,1.0259,1.02732,1.02394,1.02529,9970
2025.01.14 16:00:00,1.02533,1.0304,1.02434,1.02881,12652
2025.01.14 20:00:00,1.02882,1.03084,1.02867,1.03064,4672
2025.01.15 00:00:00,1.03064,1.0308,1.02978,1.02999,2973
2025.01.15 04:00:00,1.03,1.0305,1.02926,1.02931,3586
2025.01.15 08:00:00,1.02931,1.0317,1.02866,1.03097,8434
2025.01.15 12:00:00,1.03096,1.03543,1.02934,1.0344,9389
2025.01.15 16:00:00,1.03444,1.03456,1.02579,1.02855,12690
2025.01.15 20:00:00,1.02859,1.02987,1.02844,1.02875,4531
2025.01.16 00:00:00,1.02854,1.02997,1.02809,1.02889,4195
2025.01.16 04:00:00,1.02894,1.02937,1.02807,1.02822,4171
2025.01.16 08:00:00,1.02823,1.03013,1.02815,1.0286,7666
2025.01.16 12:00:00,1.0286,1.0296,1.02599,1.02815,8831
2025.01.16 16:00:00,1.02807,1.0315,1.02677,1.02963,12911
2025.01.16 20:00:00,1.02961,1.03076,1.02929,1.02933,5118
2025.01.17 00:00:00,1.02965,1.03094,1.02924,1.03047,3033
2025.01.17 04:00:00,1.03052,1.0309,1.02874,1.0293,3567
2025.01.17 08:00:00,1.02932,1.03038,1.02774,1.02964,7560
2025.01.17 12:00:00,1.02967,1.03097,1.02854,1.029,8093
2025.01.17 16:00:00,1.029,1.03303,1.02651,1.02807,12275
2025.01.17 20:00:00,1.02807,1.02919,1.02687,1.02705,5208
2025.01.20 00:00:00,1.02731,1.02926,1.02663,1.0290300000000001,3772
2025.01.20 04:00:00,1.02904,1.0307,1.02868,1.03024,4012
2025.01.20 08:00:00,1.03024,1.03187,1.02994,1.0306,7483
2025.01.20 12:00:00,1.03061,1.03998,1.03061,1.03977,9254
2025.01.20 16:00:00,1.03979,1.04298,1.03531,1.03855,12644
2025.01.20 20:00:00,1.03855,1.04341,1.03832,1.04131,3893
2025.01.21 00:00:00,1.04133,1.04343,1.03522,1.03701,9263
2025.01.21 04:00:00,1.037,1.04004,1.03691,1.03787,6884
2025.01.21 08:00:00,1.03789,1.03858,1.0342,1.03536,9332
2025.01.21 12:00:00,1.03535,1.03777,1.0343,1.03775,10140
2025.01.21 16:00:00,1.03783,1.04299,1.03728,1.04212,11957
2025.01.21 20:00:00,1.04212,1.04353,1.04158,1.04242,5201
2025.01.22 00:00:00,1.04259,1.04325,1.03925,1.04095,5756
2025.01.22 04:00:00,1.04092,1.04212,1.04061,1.04155,4342
2025.01.22 08:00:00,1.04155,1.04472,1.03999,1.04463,9432
2025.01.22 12:00:00,1.04466,1.04572,1.04222,1.04316,8936
2025.01.22 16:00:00,1.04312,1.04317,1.04119,1.04169,10010
2025.01.22 20:00:00,1.0417,1.04228,1.04053,1.04053,4645
2025.01.23 00:00:00,1.04053,1.04158,1.04019,1.04036,3878
2025.01.23 04:00:00,1.04035,1.04127,1.03969,1.04052,4342
2025.01.23 08:00:00,1.04053,1.04147,1.03899,1.04116,7717
2025.01.23 12:00:00,1.04117,1.04203,1.0394,1.04105,8487
2025.01.23 16:00:00,1.0411299999999999,1.04379,1.03721,1.04353,12450
2025.01.23 20:00:00,1.04354,1.04369,1.04101,1.04145,5600
2025.01.24 00:00:00,1.04109,1.0423,1.04108,1.04159,3029
2025.01.24 04:00:00,1.04158,1.04537,1.04158,1.0451,7237
2025.01.24 08:00:00,1.04512,1.05149,1.04472,1.04942,11300
2025.01.24 12:00:00,1.04942,1.04977,1.04635,1.04685,7708
2025.01.24 16:00:00,1.04685,1.05214,1.04671,1.0511,11303
2025.01.24 20:00:00,1.05108,1.05118,1.04881,1.04919,4610
2025.01.27 00:00:00,1.04751,1.04923,1.04612,1.04627,5016
2025.01.27 04:00:00,1.04626,1.04773,1.04559,1.04628,5184
2025.01.27 08:00:00,1.04628,1.04937,1.04539,1.04886,10483
2025.01.27 12:00:00,1.04888,1.0533,1.04888,1.05198,12448
2025.01.27 16:00:00,1.05196,1.05243,1.04847,1.04886,11708
2025.01.27 20:00:00,1.04883,1.04941,1.04791,1.04904,6377
2025.01.28 00:00:00,1.04905,1.04927,1.04277,1.04377,7409
2025.01.28 04:00:00,1.04367,1.04414,1.04248,1.04363,5207
2025.01.28 08:00:00,1.04364,1.04443,1.04192,1.0435,8956
2025.01.28 12:00:00,1.04346,1.0437,1.04138,1.04249,8314
2025.01.28 16:00:00,1.04246,1.04409,1.04211,1.04278,9822
2025.01.28 20:00:00,1.0428,1.04381,1.04225,1.04287,5355
2025.01.29 00:00:00,1.04238,1.04342,1.04236,1.04272,3126
2025.01.29 04:00:00,1.04268,1.04424,1.04258,1.04401,3858
2025.01.29 08:00:00,1.04407,1.0443500000000001,1.0402,1.04038,8104
2025.01.29 12:00:00,1.04036,1.04083,1.03822,1.03874,9061
2025.01.29 16:00:00,1.03877,1.04283,1.03864,1.04212,11187
2025.01.29 20:00:00,1.04214,1.04287,1.03882,1.04202,10524
2025.01.30 00:00:00,1.04176,1.04288,1.04146,1.042,3080
2025.01.30 04:00:00,1.042,1.04274,1.04175,1.04217,3720
2025.01.30 08:00:00,1.04218,1.04288,1.0402,1.04074,7577
2025.01.30 12:00:00,1.04072,1.04598,1.03901,1.04571,9497
2025.01.30 16:00:00,1.04561,1.04676,1.04094,1.04169,11702
2025.01.30 20:00:00,1.04171,1.04323,1.03861,1.03868,7114
2025.01.31 00:00:00,1.0381,1.04022,1.03766,1.03885,4407
2025.01.31 04:00:00,1.03886,1.03949,1.03827,1.03887,4701
2025.01.31 08:00:00,1.03887,1.04126,1.0365199999999999,1.03834,8792
2025.01.31 12:00:00,1.03833,1.03951,1.03719,1.0382,9108
2025.01.31 16:00:00,1.03824,1.04338,1.03603,1.04201,13092
2025.01.31 20:00:00,1.04199,1.04217,1.03496,1.0364,12322
2025.02.03 00:00:00,1.02509,1.02698,1.02111,1.02378,11616
2025.02.03 04:00:00,1.02378,1.0243,1.02122,1.02401,9191
2025.02.03 08:00:00,1.02401,1.02541,1.02129,1.02297,11401
2025.02.03 12:00:00,1.02296,1.02871,1.02296,1.02638,10307
2025.02.03 16:00:00,1.02634,1.03351,1.02416,1.02796,17127
2025.02.03 20:00:00,1.02792,1.03498,1.02688,1.03435,8935
2025.02.04 00:00:00,1.03402,1.03504,1.03085,1.03218,5677
2025.02.04 04:00:00,1.03218,1.03238,1.02717,1.02931,7456
2025.02.04 08:00:00,1.02931,1.03493,1.02922,1.03385,9800
2025.02.04 12:00:00,1.03381,1.03432,1.03201,1.03402,7980
2025.02.04 16:00:00,1.03406,1.03872,1.03401,1.03766,12439
2025.02.04 20:00:00,1.03766,1.03875,1.03744,1.03773,5141
2025.02.05 00:00:00,1.03739,1.03864,1.03687,1.03732,4305
2025.02.05 04:00:00,1.03733,1.0386,1.03728,1.03777,4764
2025.02.05 08:00:00,1.03775,1.04175,1.0374,1.04039,9316
2025.02.05 12:00:00,1.04039,1.04304,1.04015,1.04077,8651
2025.02.05 16:00:00,1.04077,1.04424,1.04062,1.04197,11053
2025.02.05 20:00:00,1.04197,1.04216,1.03968,1.04012,4782
2025.02.06 00:00:00,1.03993,1.04063,1.03947,1.04026,3735
2025.02.06 04:00:00,1.04023,1.04053,1.03851,1.03863,4373
2025.02.06 08:00:00,1.03864,1.03924,1.03561,1.03594,7541
2025.02.06 12:00:00,1.03595,1.03675,1.03525,1.03604,9170
2025.02.06 16:00:00,1.03601,1.03803,1.03597,1.0379,9555
2025.02.06 20:00:00,1.03789,1.03962,1.03739,1.03818,5277
2025.02.07 00:00:00,1.03809,1.03907,1.03742,1.03837,3602
2025.02.07 04:00:00,1.03837,1.0386,1.03739,1.03749,3924
2025.02.07 08:00:00,1.03749,1.03997,1.03724,1.03909,6334
2025.02.07 12:00:00,1.03909,1.04123,1.03492,1.03636,8475
2025.02.07 16:00:00,1.03635,1.03886,1.03051,1.03216,15759
2025.02.07 20:00:00,1.03215,1.03382,1.03207,1.03262,5966
2025.02.10 00:00:00,1.02966,1.03183,1.02779,1.03028,5285
2025.02.10 04:00:00,1.03028,1.03214,1.02985,1.03161,3776
2025.02.10 08:00:00,1.03162,1.0334699999999999,1.03067,1.03268,7750
2025.02.10 12:00:00,1.03264,1.0336400000000001,1.03085,1.03214,6956
2025.02.10 16:00:00,1.03215,1.03234,1.03043,1.03123,8021
2025.02.10 20:00:00,1.03123,1.03159,1.03048,1.0306,3555
2025.02.11 00:00:00,1.03024,1.03083,1.02983,1.03018,3096
2025.02.11 04:00:00,1.03019,1.03058,1.0292,1.03047,3501
2025.02.11 08:00:00,1.03046,1.03219,1.02998,1.03177,6894
2025.02.11 12:00:00,1.03178,1.03286,1.03143,1.03223,6444
2025.02.11 16:00:00,1.03221,1.0351,1.03216,1.03453,8179
2025.02.11 20:00:00,1.03452,1.0381,1.03418,1.03602,5112
2025.02.12 00:00:00,1.03604,1.03674,1.03539,1.03603,3311
2025.02.12 04:00:00,1.03603,1.03676,1.03549,1.03583,4224
2025.02.12 08:00:00,1.03584,1.03799,1.0357,1.03734,6957
2025.02.12 12:00:00,1.03738,1.03856,1.0317,1.03332,9053
2025.02.12 16:00:00,1.03322,1.04273,1.03255,1.0426,14243
2025.02.12 20:00:00,1.04261,1.04298,1.03807,1.03813,6376
2025.02.13 00:00:00,1.03772,1.04017,1.03769,1.03995,3803
2025.02.13 04:00:00,1.03999,1.04382,1.03965,1.04349,5846
2025.02.13 08:00:00,1.04349,1.04399,1.04101,1.04226,9288
2025.02.13 12:00:00,1.04228,1.0429,1.03758,1.03925,10048
2025.02.13 16:00:00,1.03922,1.04451,1.03816,1.04254,11980
2025.02.13 20:00:00,1.04253,1.04669,1.03728,1.04627,8687
2025.02.14 00:00:00,1.04589,1.04676,1.04561,1.04592,4226
2025.02.14 04:00:00,1.04591,1.04638,1.0447,1.04526,4264
2025.02.14 08:00:00,1.04526,1.04877,1.04517,1.04811,8782
2025.02.14 12:00:00,1.04812,1.04977,1.0457,1.04881,8607
2025.02.14 16:00:00,1.04888,1.0514000000000001,1.04872,1.05071,9727
2025.02.14 20:00:00,1.05071,1.0507900000000001,1.04875,1.04898,4187
2025.02.17 00:00:00,1.04845,1.05063,1.04839,1.05052,3697
2025.02.17 04:00:00,1.05051,1.05052,1.04846,1.04897,4762
2025.02.17 08:00:00,1.04897,1.04952,1.04709,1.04742,7654
2025.02.17 12:00:00,1.04741,1.04893,1.0467,1.04742,5943
2025.02.17 16:00:00,1.04742,1.04844,1.04713,1.04825,4665
2025.02.17 20:00:00,1.04825,1.04851,1.04789,1.04828,1802
2025.02.18 00:00:00,1.04762,1.04863,1.04626,1.04661,3618
2025.02.18 04:00:00,1.04661,1.04723,1.04522,1.0455,5238
2025.02.18 08:00:00,1.04547,1.0469,1.04546,1.04639,7030
2025.02.18 12:00:00,1.04648,1.04671,1.0441799999999999,1.04447,6750
2025.02.18 16:00:00,1.04446,1.04694,1.0439,1.04458,8161
2025.02.18 20:00:00,1.04458,1.04496,1.0435,1.04441,4227
2025.02.19 00:00:00,1.04412,1.04515,1.04411,1.04465,3448
2025.02.19 04:00:00,1.04463,1.04562,1.04446,1.04561,3604
2025.02.19 08:00:00,1.04558,1.04612,1.04284,1.0429,7068
2025.02.19 12:00:00,1.04291,1.04351,1.04188,1.04337,8306
2025.02.19 16:00:00,1.04337,1.04415,1.04006,1.04097,12778
2025.02.19 20:00:00,1.04097,1.04325,1.04083,1.04213,6780
2025.02.20 00:00:00,1.04157,1.04328,1.04143,1.04213,4892
2025.02.20 04:00:00,1.04214,1.04376,1.04201,1.04273,7013
2025.02.20 08:00:00,1.04274,1.04421,1.04234,1.04366,10970
2025.02.20 12:00:00,1.04367,1.0455,1.04309,1.04483,12259
2025.02.20 16:00:00,1.04484,1.04947,1.0441799999999999,1.04891,15133
2025.02.20 20:00:00,1.04893,1.05033,1.04852,1.05,6301
2025.02.21 00:00:00,1.04936,1.05058,1.04842,1.04864,5023
2025.02.21 04:00:00,1.04865,1.05049,1.04863,1.0493,6046
2025.02.21 08:00:00,1.04929,1.04998,1.04665,1.04689,12660
2025.02.21 12:00:00,1.0469,1.04781,1.04593,1.04751,10256
2025.02.21 16:00:00,1.0475,1.04924,1.04492,1.04628,14667
2025.02.21 20:00:00,1.04628,1.0468,1.04495,1.04571,8212
2025.02.24 00:00:00,1.04684,1.05208,1.04568,1.05177,9704
2025.02.24 04:00:00,1.05177,1.05283,1.05099,1.05164,8651
2025.02.24 08:00:00,1.05162,1.05162,1.04688,1.04723,13729
2025.02.24 12:00:00,1.04722,1.04815,1.046,1.04672,10812
2025.02.24 16:00:00,1.04671,1.04839,1.04528,1.04726,13847
2025.02.24 20:00:00,1.04725,1.04858,1.04611,1.04665,7547
2025.02.25 00:00:00,1.04662,1.04693,1.04595,1.04649,4381
2025.02.25 04:00:00,1.04648,1.04782,1.04648,1.04767,5753
2025.02.25 08:00:00,1.04766,1.04802,1.0456,1.04728,12842
2025.02.25 12:00:00,1.0473,1.05098,1.04652,1.05,12497
2025.02.25 16:00:00,1.05006,1.05193,1.04837,1.05019,15883
2025.02.25 20:00:00,1.0502,1.0519,1.0501800000000001,1.05115,7962
2025.02.26 00:00:00,1.05095,1.05248,1.05088,1.05154,5922
2025.02.26 04:00:00,1.05154,1.05167,1.04903,1.04916,6081
2025.02.26 08:00:00,1.04912,1.05118,1.04871,1.04972,11223
2025.02.26 12:00:00,1.04973,1.05022,1.04749,1.04842,12119
2025.02.26 16:00:00,1.0484,1.05286,1.04791,1.04924,18786
2025.02.26 20:00:00,1.0492,1.05003,1.04775,1.04823,9834
2025.02.27 00:00:00,1.04767,1.04926,1.04727,1.04781,4395
2025.02.27 04:00:00,1.04781,1.04805,1.0459,1.04651,6037
2025.02.27 08:00:00,1.04647,1.04853,1.04638,1.0484,10962
2025.02.27 12:00:00,1.04843,1.04898,1.04195,1.04233,14653
2025.02.27 16:00:00,1.04232,1.04417,1.04001,1.04074,17699
2025.02.27 20:00:00,1.04078,1.04178,1.03957,1.03963,7847
2025.02.28 00:00:00,1.03927,1.04044,1.03843,1.03848,5821
2025.02.28 04:00:00,1.03846,1.03917,1.03803,1.0389,6612
2025.02.28 08:00:00,1.03887,1.0408,1.03824,1.03955,11859
2025.02.28 12:00:00,1.03955,1.04163,1.03923,1.04073,10960
2025.02.28 16:00:00,1.04072,1.042,1.03902,1.03963,16905
2025.02.28 20:00:00,1.03961,1.03981,1.03597,1.03743,12684
2025.03.03 00:00:00,1.04025,1.04232,1.03914,1.04198,7907
2025.03.03 04:00:00,1.04194,1.04231,1.04099,1.04145,6321
2025.03.03 08:00:00,1.04146,1.04291,1.03885,1.04271,12688
2025.03.03 12:00:00,1.04272,1.04766,1.04272,1.04719,15437
2025.03.03 16:00:00,1.04718,1.05039,1.04687,1.04902,16189
2025.03.03 20:00:00,1.04903,1.05042,1.04665,1.04851,12926
2025.03.04 00:00:00,1.04854,1.04961,1.04767,1.04881,7448
2025.03.04 04:00:00,1.04882,1.04901,1.04709,1.04832,8536
2025.03.04 08:00:00,1.04833,1.05274,1.04788,1.05118,16295
2025.03.04 12:00:00,1.0512299999999999,1.05599,1.05023,1.05389,17289
2025.03.04 16:00:00,1.05388,1.05487,1.04963,1.05415,20750
2025.03.04 20:00:00,1.05416,1.06269,1.05375,1.06246,16258
2025.03.05 00:00:00,1.06192,1.06372,1.06087,1.06123,8622
2025.03.05 04:00:00,1.06124,1.06325,1.0602,1.0631599999999999,9095
2025.03.05 08:00:00,1.06312,1.07222,1.06241,1.07115,20896
2025.03.05 12:00:00,1.07116,1.07226,1.06764,1.07159,19323
2025.03.05 16:00:00,1.07155,1.07879,1.07138,1.0785,26356
2025.03.05 20:00:00,1.07851,1.07969,1.07638,1.0788,11250
2025.03.06 00:00:00,1.07878,1.08201,1.07857,1.08153,6729
2025.03.06 04:00:00,1.08155,1.08189,1.07839,1.08101,9129
2025.03.06 08:00:00,1.08107,1.08223,1.07803,1.07997,21187
2025.03.06 12:00:00,1.07997,1.08455,1.07827,1.08263,19692
2025.03.06 16:00:00,1.08264,1.08541,1.07913,1.07968,26199
2025.03.06 20:00:00,1.07968,1.08116,1.0765500000000001,1.07802,12069
2025.03.07 00:00:00,1.07795,1.07961,1.07758,1.07902,6281
2025.03.07 04:00:00,1.07903,1.08176,1.07846,1.08131,6911
2025.03.07 08:00:00,1.08131,1.08716,1.08079,1.08613,15329
2025.03.07 12:00:00,1.08613,1.08887,1.08411,1.08445,18875
2025.03.07 16:00:00,1.08449,1.08868,1.08319,1.08434,23763
2025.03.07 20:00:00,1.08432,1.08506,1.08256,1.08325,8848
2025.03.10 00:00:00,1.08373,1.08709,1.08367,1.08531,8638
2025.03.10 04:00:00,1.0853,1.08559,1.08277,1.08352,6953
2025.03.10 08:00:00,1.08352,1.08568,1.0805,1.08514,16928
2025.03.10 12:00:00,1.08513,1.08745,1.08124,1.08352,18857
2025.03.10 16:00:00,1.08353,1.0848200000000001,1.08209,1.08296,15299
2025.03.10 20:00:00,1.08295,1.08363,1.08174,1.08344,7234
2025.03.11 00:00:00,1.08342,1.08584,1.0832600000000001,1.08579,6792
2025.03.11 04:00:00,1.08578,1.08617,1.08355,1.08384,7622
2025.03.11 08:00:00,1.08385,1.09208,1.08365,1.09086,19261
2025.03.11 12:00:00,1.09086,1.09307,1.08811,1.09206,15669
2025.03.11 16:00:00,1.09201,1.09349,1.08952,1.09337,16995
2025.03.11 20:00:00,1.09339,1.09472,1.0907,1.09101,9799
2025.03.12 00:00:00,1.0912,1.09181,1.09054,1.09066,5688
2025.03.12 04:00:00,1.09065,1.09116,1.0895,1.09033,6026
2025.03.12 08:00:00,1.09035,1.09266,1.08873,1.09147,16290
2025.03.12 12:00:00,1.09141,1.0931899999999999,1.08757,1.0882,20578
2025.03.12 16:00:00,1.08818,1.0928,1.0881,1.09069,15320
2025.03.12 20:00:00,1.09069,1.09096,1.08798,1.08841,6460
2025.03.13 00:00:00,1.08874,1.08933,1.08824,1.0889199999999999,3909
2025.03.13 04:00:00,1.08891,1.08972,1.08791,1.08853,5440
2025.03.13 08:00:00,1.08854,1.08856,1.08591,1.08795,15484
2025.03.13 12:00:00,1.08797,1.08829,1.08224,1.08476,19675
2025.03.13 16:00:00,1.08476,1.08782,1.08465,1.08544,17518
2025.03.13 20:00:00,1.0854300000000001,1.08579,1.0844,1.08511,5776
2025.03.14 00:00:00,1.0851,1.08587,1.08404,1.08409,4964
2025.03.14 04:00:00,1.0841,1.08515,1.08341,1.08508,6121
2025.03.14 08:00:00,1.08507,1.08621,1.08305,1.08523,13347
2025.03.14 12:00:00,1.08519,1.09124,1.08513,1.08744,20524
2025.03.14 16:00:00,1.08739,1.08901,1.08655,1.08822,14161
2025.03.14 20:00:00,1.08822,1.08863,1.08732,1.08751,4479
2025.03.17 00:00:00,1.0878,1.08903,1.08738,1.08829,5034
2025.03.17 04:00:00,1.08829,1.08939,1.08735,1.08777,4850
2025.03.17 08:00:00,1.08778,1.09006,1.08684,1.09,11315
2025.03.17 12:00:00,1.09001,1.0912,1.08874,1.09046,13203
2025.03.17 16:00:00,1.09047,1.09299,1.0902,1.09142,11215
2025.03.17 20:00:00,1.0914,1.09271,1.09124,1.09215,4660
2025.03.18 00:00:00,1.09214,1.09227,1.09121,1.09135,3751
2025.03.18 04:00:00,1.09135,1.09162,1.09061,1.09078,4000
2025.03.18 08:00:00,1.09081,1.09546,1.09035,1.09504,11298
2025.03.18 12:00:00,1.09503,1.09524,1.08924,1.09125,13765
2025.03.18 16:00:00,1.09125,1.09518,1.08966,1.09496,14203
2025.03.18 20:00:00,1.09497,1.09513,1.09401,1.09434,4491
2025.03.19 00:00:00,1.09437,1.09457,1.09317,1.09369,3486
2025.03.19 04:00:00,1.09369,1.0945,1.09279,1.09314,4006
2025.03.19 08:00:00,1.09311,1.09325,1.08733,1.09022,13778
2025.03.19 12:00:00,1.09023,1.09178,1.08913,1.08944,11938
2025.03.19 16:00:00,1.08941,1.09006,1.08601,1.08687,11076
2025.03.19 20:00:00,1.08694,1.09133,1.08641,1.0903,12662
2025.03.20 00:00:00,1.09041,1.09164,1.09029,1.09055,5020
2025.03.20 04:00:00,1.09056,1.09174,1.08908,1.08952,5249
2025.03.20 08:00:00,1.08952,1.08988,1.08385,1.0852,13067
2025.03.20 12:00:00,1.08523,1.0856,1.08148,1.08254,14562
2025.03.20 16:00:00,1.08249,1.08524,1.08226,1.08443,11324
2025.03.20 20:00:00,1.08441,1.08585,1.08359,1.08534,3797
2025.03.21 00:00:00,1.0853,1.08588,1.08484,1.08521,4081
2025.03.21 04:00:00,1.0852,1.08549,1.08198,1.08286,5388
2025.03.21 08:00:00,1.08287,1.08457,1.08239,1.08258,10606
2025.03.21 12:00:00,1.08261,1.08617,1.08252,1.08318,12663
2025.03.21 16:00:00,1.08319,1.08358,1.07964,1.08225,12650
2025.03.21 20:00:00,1.08224,1.08269,1.08108,1.08129,3882
2025.03.24 00:00:00,1.08184,1.084,1.08159,1.08262,5870
2025.03.24 04:00:00,1.08262,1.08321,1.08168,1.08289,5762
2025.03.24 08:00:00,1.08286,1.08584,1.08278,1.08394,13531
2025.03.24 12:00:00,1.08398,1.0854300000000001,1.07922,1.07931,12438
2025.03.24 16:00:00,1.07924,1.08198,1.07811,1.07871,14943
2025.03.24 20:00:00,1.07871,1.08125,1.07836,1.07992,5690
2025.03.25 00:00:00,1.08008,1.08077,1.07944,1.08018,5370
2025.03.25 04:00:00,1.08018,1.08084,1.07937,1.08025,5972
2025.03.25 08:00:00,1.08025,1.0804,1.07765,1.08001,12392
2025.03.25 12:00:00,1.08,1.08295,1.07995,1.08156,13832
2025.03.25 16:00:00,1.08156,1.08213,1.07967,1.08094,14024
2025.03.25 20:00:00,1.0809,1.0809,1.07876,1.07918,5993
2025.03.26 00:00:00,1.07914,1.07949,1.0777700000000001,1.07931,5850
2025.03.26 04:00:00,1.07932,1.07967,1.07774,1.07846,5529
2025.03.26 08:00:00,1.07846,1.08022,1.07808,1.07954,12339
2025.03.26 12:00:00,1.07953,1.08011,1.0767,1.07743,13476
2025.03.26 16:00:00,1.07743,1.07949,1.07514,1.07562,15597
2025.03.26 20:00:00,1.07561,1.07608,1.07343,1.0737,6789
2025.03.27 00:00:00,1.07367,1.07684,1.07327,1.07648,7757
2025.03.27 04:00:00,1.07648,1.07864,1.07633,1.07687,5153
2025.03.27 08:00:00,1.07684,1.0782,1.07537,1.07703,15174
2025.03.27 12:00:00,1.07703,1.07991,1.07662,1.07794,14320
2025.03.27 16:00:00,1.07796,1.08207,1.07768,1.07893,15847
2025.03.27 20:00:00,1.07893,1.08018,1.07877,1.07975,5464
2025.03.28 00:00:00,1.07975,1.08008,1.07878,1.07931,5259
2025.03.28 04:00:00,1.07932,1.07964,1.07841,1.07904,5606
2025.03.28 08:00:00,1.07902,1.07994,1.07683,1.0773,12036
2025.03.28 12:00:00,1.07732,1.08162,1.07642,1.08092,13890
2025.03.28 16:00:00,1.08096,1.08442,1.08089,1.08191,16015
2025.03.28 20:00:00,1.08191,1.08356,1.08132,1.08276,6080
2025.03.31 00:00:00,1.08203,1.0841,1.08049,1.0841,7369
2025.03.31 04:00:00,1.0841,1.08452,1.08285,1.08337,8286
2025.03.31 08:00:00,1.08337,1.08489,1.08111,1.08269,16233
2025.03.31 12:00:00,1.08269,1.083,1.08006,1.08032,13320
2025.03.31 16:00:00,1.08032,1.08207,1.07836,1.08112,16593
2025.03.31 20:00:00,1.08112,1.08192,1.0806499999999999,1.08139,8203
2025.04.01 00:00:00,1.0813,1.08261,1.08127,1.0824799999999999,4413
2025.04.01 04:00:00,1.08247,1.08295,1.08165,1.08247,7240
2025.04.01 08:00:00,1.0824799999999999,1.0824799999999999,1.07984,1.08168,12972
2025.04.01 12:00:00,1.08168,1.08288,1.07779,1.07866,14750
2025.04.01 16:00:00,1.07867,1.08121,1.07788,1.07991,17396
2025.04.01 20:00:00,1.07992,1.08041,1.07847,1.07916,7573
2025.04.02 00:00:00,1.07863,1.08077,1.07858,1.0789900000000001,4522
2025.04.02 04:00:00,1.0789900000000001,1.08013,1.07866,1.07922,6084
2025.04.02 08:00:00,1.07921,1.08013,1.07796,1.07971,11117
2025.04.02 12:00:00,1.07971,1.0819,1.07854,1.0818699999999999,12288
2025.04.02 16:00:00,1.08185,1.08724,1.08144,1.08517,16524
2025.04.02 20:00:00,1.08517,1.09242,1.08102,1.08474,14409
2025.04.03 00:00:00,1.08436,1.09103,1.08044,1.08903,17074
2025.04.03 04:00:00,1.08904,1.0924,1.08863,1.09063,14724
2025.04.03 08:00:00,1.09064,1.10203,1.09061,1.10088,21993
2025.04.03 12:00:00,1.10088,1.11456,1.10033,1.10814,25303
2025.04.03 16:00:00,1.10813,1.11344,1.10323,1.10386,27125
2025.04.03 20:00:00,1.10382,1.10521,1.10155,1.10507,12876
2025.04.04 00:00:00,1.10499,1.1071,1.10362,1.106,9965
2025.04.04 04:00:00,1.106,1.10982,1.10568,1.10868,15968
2025.04.04 08:00:00,1.10869,1.11072,1.09748,1.09958,23112
2025.04.04 12:00:00,1.09961,1.10891,1.09641,1.10192,32535
2025.04.04 16:00:00,1.10194,1.10476,1.09596,1.09708,35467
2025.04.04 20:00:00,1.09708,1.09765,1.09241,1.09623,22507
2025.04.07 00:00:00,1.0889,1.10011,1.08778,1.09663,21996
2025.04.07 04:00:00,1.09664,1.0987,1.09195,1.09844,19170
2025.04.07 08:00:00,1.09845,1.10495,1.09674,1.09916,31130
2025.04.07 12:00:00,1.09916,1.09959,1.09346,1.09731,29365
2025.04.07 16:00:00,1.0973600000000001,1.09822,1.09009,1.09315,33833
2025.04.07 20:00:00,1.09318,1.09518,1.0901,1.0907499999999999,20550
2025.04.08 00:00:00,1.09012,1.09496,1.09009,1.09395,9969
2025.04.08 04:00:00,1.09394,1.09798,1.09376,1.09755,18370
2025.04.08 08:00:00,1.09753,1.09913,1.09209,1.0936,26726
2025.04.08 12:00:00,1.09359,1.0968,1.09106,1.09479,25340
2025.04.08 16:00:00,1.09479,1.0955300000000001,1.08884,1.09291,28524
2025.04.08 20:00:00,1.0929,1.09774,1.09256,1.09532,22189
2025.04.09 00:00:00,1.09574,1.10161,1.09451,1.10142,13803
2025.04.09 04:00:00,1.10142,1.1068500000000001,1.10091,1.10682,25031
2025.04.09 08:00:00,1.10678,1.10892,1.09974,1.10269,34116
2025.04.09 12:00:00,1.10269,1.10944,1.10088,1.10751,30788
2025.04.09 16:00:00,1.10756,1.10813,1.1013,1.10196,26988
2025.04.09 20:00:00,1.10199,1.10626,1.0913,1.09453,30874
2025.04.10 00:00:00,1.09449,1.0986,1.09425,1.0985800000000001,14854
2025.04.10 04:00:00,1.09857,1.09887,1.09608,1.09821,17355
2025.04.10 08:00:00,1.09822,1.10474,1.09624,1.10369,25385
2025.04.10 12:00:00,1.1037,1.11313,1.1033,1.10968,27458
2025.04.10 16:00:00,1.10974,1.12284,1.10904,1.11965,32002
2025.04.10 20:00:00,1.11965,1.12409,1.11583,1.11941,22120
2025.04.11 00:00:00,1.11978,1.13837,1.11806,1.13096,18107
2025.04.11 04:00:00,1.13096,1.1353900000000001,1.12758,1.1322,22244
2025.04.11 08:00:00,1.13216,1.14736,1.12464,1.14269,30307
2025.04.11 12:00:00,1.14269,1.14269,1.13197,1.13949,29256
2025.04.11 16:00:00,1.13949,1.14118,1.1276,1.1305399999999999,33096
2025.04.11 20:00:00,1.13053,1.13604,1.12822,1.1359,18035
2025.04.14 00:00:00,1.13103,1.13701,1.13096,1.1365,14459
2025.04.14 04:00:00,1.13652,1.14083,1.13573,1.1367099999999999,15299
2025.04.14 08:00:00,1.1367099999999999,1.14242,1.13526,1.13872,22923
2025.04.14 12:00:00,1.13871,1.14074,1.13342,1.13384,21115
2025.04.14 16:00:00,1.13386,1.13813,1.12953,1.13302,24778
2025.04.14 20:00:00,1.13302,1.13692,1.13281,1.13484,12006
2025.04.15 00:00:00,1.13493,1.13609,1.13169,1.13283,8117
2025.04.15 04:00:00,1.13282,1.1362700000000001,1.13154,1.13564,11348
2025.04.15 08:00:00,1.13563,1.13784,1.13203,1.13462,19146
2025.04.15 12:00:00,1.13458,1.13555,1.13083,1.13123,20029
2025.04.15 16:00:00,1.13118,1.13289,1.12635,1.1273900000000001,24512
2025.04.15 20:00:00,1.1273900000000001,1.12892,1.1266,1.1280000000000001,9965
2025.04.16 00:00:00,1.12795,1.13212,1.12768,1.13165,9996
2025.04.16 04:00:00,1.13165,1.13474,1.1316,1.13457,12794
2025.04.16 08:00:00,1.13457,1.13917,1.13378,1.1369,21365
2025.04.16 12:00:00,1.13686,1.13771,1.13402,1.13511,22707
2025.04.16 16:00:00,1.13513,1.13864,1.13491,1.13744,22141
2025.04.16 20:00:00,1.13743,1.14123,1.13589,1.1397,16296
2025.04.17 00:00:00,1.13919,1.14087,1.13646,1.13676,9121
2025.04.17 04:00:00,1.13664,1.13813,1.1354899999999999,1.13617,12611
2025.04.17 08:00:00,1.13617,1.1388099999999999,1.13431,1.13781,17894
2025.04.17 12:00:00,1.13778,1.13803,1.13352,1.13558,20593
2025.04.17 16:00:00,1.1356,1.13852,1.13382,1.13501,24301
2025.04.17 20:00:00,1.13501,1.13762,1.13405,1.13609,11024
2025.04.18 00:00:00,1.13608,1.13848,1.13519,1.13737,8658
2025.04.18 04:00:00,1.13737,1.13785,1.13676,1.13689,14353
2025.04.18 08:00:00,1.1368800000000001,1.13754,1.13553,1.13708,16992
2025.04.18 12:00:00,1.13705,1.13861,1.13667,1.13817,18674
2025.04.18 16:00:00,1.13817,1.13967,1.13755,1.1394,13454
2025.04.18 20:00:00,1.1394,1.1396,1.13863,1.13898,7261
2025.04.21 00:00:00,1.13964,1.14856,1.1384400000000001,1.14658,13066
2025.04.21 04:00:00,1.14659,1.15307,1.14645,1.1517,14704
2025.04.21 08:00:00,1.1517,1.15668,1.15043,1.15577,16712
2025.04.21 12:00:00,1.15577,1.15727,1.15127,1.15421,16345
2025.04.21 16:00:00,1.15419,1.15424,1.14811,1.1509,18553
2025.04.21 20:00:00,1.15091,1.1526399999999999,1.14931,1.15126,9990
2025.04.22 00:00:00,1.15097,1.15247,1.14815,1.14899,10179
2025.04.22 04:00:00,1.14899,1.154,1.14851,1.15296,16038
2025.04.22 08:00:00,1.15298,1.15467,1.1482700000000001,1.14992,24388
2025.04.22 12:00:00,1.14993,1.15073,1.14618,1.14696,20338
2025.04.22 16:00:00,1.14698,1.14914,1.14327,1.14336,21925
2025.04.22 20:00:00,1.14335,1.14536,1.14162,1.14204,12565
2025.04.23 00:00:00,1.1415899999999999,1.14247,1.13074,1.1397,17971
2025.04.23 04:00:00,1.13971,1.1414900000000001,1.13703,1.13894,17024
2025.04.23 08:00:00,1.13895,1.14147,1.13706,1.14124,22684
2025.04.23 12:00:00,1.14124,1.14394,1.13858,1.1405,18888
2025.04.23 16:00:00,1.14047,1.14117,1.13275,1.13395,30227
2025.04.23 20:00:00,1.1339299999999999,1.13436,1.13094,1.13122,12363
2025.04.24 00:00:00,1.13089,1.13464,1.13075,1.13447,10264
2025.04.24 04:00:00,1.13448,1.13569,1.13317,1.13387,12077
2025.04.24 08:00:00,1.13386,1.13924,1.13303,1.138,18491
2025.04.24 12:00:00,1.13797,1.1394199999999999,1.13573,1.1375899999999999,18639
2025.04.24 16:00:00,1.13763,1.13868,1.13472,1.13795,20270
2025.04.24 20:00:00,1.13794,1.13974,1.13632,1.13839,9205
2025.04.25 00:00:00,1.1384400000000001,1.1391,1.13463,1.13467,8454
2025.04.25 04:00:00,1.13467,1.13586,1.13151,1.13344,13758
2025.04.25 08:00:00,1.13343,1.13675,1.13211,1.13499,19253
2025.04.25 12:00:00,1.135,1.1366100000000001,1.13338,1.13518,17046
2025.04.25 16:00:00,1.13518,1.13882,1.13326,1.13681,16854
2025.04.25 20:00:00,1.13681,1.13821,1.13562,1.13618,8994
2025.04.28 00:00:00,1.1364,1.13662,1.13394,1.13633,7868
2025.04.28 04:00:00,1.13633,1.13721,1.13427,1.13718,10849
2025.04.28 08:00:00,1.13718,1.13802,1.1329,1.13432,15547
2025.04.28 12:00:00,1.13432,1.13723,1.13406,1.1350500000000001,14411
2025.04.28 16:00:00,1.13509,1.14217,1.13391,1.14111,20237
2025.04.28 20:00:00,1.1411,1.14245,1.13998,1.14152,10226
2025.04.29 00:00:00,1.1414,1.14217,1.13987,1.13992,6635
2025.04.29 04:00:00,1.13992,1.14193,1.13735,1.13775,12140
2025.04.29 08:00:00,1.13775,1.14115,1.13754,1.13848,17702
2025.04.29 12:00:00,1.13848,1.1414,1.13696,1.14101,16716
2025.04.29 16:00:00,1.141,1.1418300000000001,1.13784,1.14029,22458
2025.04.29 20:00:00,1.1402700000000001,1.14041,1.13754,1.13808,8687
2025.04.30 00:00:00,1.13811,1.13951,1.13764,1.1381999999999999,7108
2025.04.30 04:00:00,1.1381999999999999,1.1386,1.13546,1.13728,10850
2025.04.30 08:00:00,1.13725,1.13989,1.13619,1.13708,15660
2025.04.30 12:00:00,1.13712,1.13882,1.13555,1.13735,16962
2025.04.30 16:00:00,1.1373,1.13784,1.13227,1.1354899999999999,23737
2025.04.30 20:00:00,1.1354899999999999,1.13642,1.13166,1.13265,11257
2025.05.01 00:00:00,1.13259,1.13313,1.13183,1.13212,6665
2025.05.01 04:00:00,1.13212,1.13218,1.1299299999999999,1.13023,10539
2025.05.01 08:00:00,1.13022,1.13304,1.12873,1.13192,15344
2025.05.01 12:00:00,1.13192,1.13405,1.13077,1.1315,15613
2025.05.01 16:00:00,1.13145,1.1327099999999999,1.12654,1.12902,18626
2025.05.01 20:00:00,1.12902,1.12935,1.12746,1.12854,8133
2025.05.02 00:00:00,1.12858,1.12988,1.1273900000000001,1.12817,6003
2025.05.02 04:00:00,1.12818,1.1315,1.12782,1.13037,10529
2025.05.02 08:00:00,1.13039,1.13373,1.1302,1.13317,15950
2025.05.02 12:00:00,1.13321,1.13546,1.13041,1.13184,18990
2025.05.02 16:00:00,1.13182,1.13804,1.13143,1.13194,25232
2025.05.02 20:00:00,1.13195,1.13197,1.12911,1.12988,9757
2025.05.05 00:00:00,1.13042,1.13272,1.12921,1.13219,6938
2025.05.05 04:00:00,1.13222,1.13462,1.13222,1.13369,10926
2025.05.05 08:00:00,1.13369,1.13468,1.13109,1.13254,16176
2025.05.05 12:00:00,1.13262,1.1362700000000001,1.1326,1.13593,15675
2025.05.05 16:00:00,1.13594,1.13644,1.12988,1.13018,16770
2025.05.05 20:00:00,1.13018,1.13205,1.1296599999999999,1.13126,7456
2025.05.06 00:00:00,1.13128,1.13203,1.12805,1.12856,5577
2025.05.06 04:00:00,1.12856,1.13269,1.12795,1.13239,10578
2025.05.06 08:00:00,1.13239,1.1349,1.13131,1.13268,15422
2025.05.06 12:00:00,1.13267,1.13432,1.13049,1.134,15463
2025.05.06 16:00:00,1.13399,1.1369,1.13259,1.13483,17310
2025.05.06 20:00:00,1.1348799999999999,1.13805,1.13486,1.13654,8564
2025.05.07 00:00:00,1.13662,1.13751,1.13248,1.13404,11906
2025.05.07 04:00:00,1.13404,1.13512,1.1326,1.13432,12687
2025.05.07 08:00:00,1.13431,1.13777,1.13425,1.13578,15582
2025.05.07 12:00:00,1.1357599999999999,1.13723,1.13467,1.13586,13448
2025.05.07 16:00:00,1.13585,1.13704,1.13365,1.13481,14679
2025.05.07 20:00:00,1.13484,1.13646,1.12913,1.12948,17018
2025.05.08 00:00:00,1.12948,1.13218,1.12938,1.13097,6256
2025.05.08 04:00:00,1.13096,1.13358,1.1307800000000001,1.13175,11402
2025.05.08 08:00:00,1.13175,1.13178,1.12698,1.12875,16895
2025.05.08 12:00:00,1.12874,1.13197,1.12748,1.12991,16058
2025.05.08 16:00:00,1.12991,1.13158,1.1219999999999999,1.12255,22386
2025.05.08 20:00:00,1.12255,1.123,1.12115,1.12224,9896
2025.05.09 00:00:00,1.12224,1.12327,1.12127,1.12265,5434
2025.05.09 04:00:00,1.12262,1.12295,1.11963,1.12275,10752
2025.05.09 08:00:00,1.12275,1.12586,1.12179,1.12559,12919
2025.05.09 12:00:00,1.1256,1.12601,1.12418,1.12535,12305
2025.05.09 16:00:00,1.12535,1.12923,1.12528,1.1258,14334
2025.05.09 20:00:00,1.1258,1.12658,1.1246,1.12466,5854
2025.05.12 00:00:00,1.11948,1.12385,1.11881,1.12381,9740
2025.05.12 04:00:00,1.12381,1.12423,1.12219,1.12268,11365
2025.05.12 08:00:00,1.12269,1.12351,1.10818,1.1137299999999999,23196
2025.05.12 12:00:00,1.1137299999999999,1.11414,1.10714,1.11129,21081
2025.05.12 16:00:00,1.11131,1.11341,1.10832,1.1084100000000001,19969
2025.05.12 20:00:00,1.1084100000000001,1.1096300000000001,1.1065,1.1083,8920
2025.05.13 00:00:00,1.10811,1.11061,1.10802,1.11041,5891
2025.05.13 04:00:00,1.11041,1.11167,1.10987,1.11163,9317
2025.05.13 08:00:00,1.11164,1.11239,1.11011,1.11114,14963
2025.05.13 12:00:00,1.11118,1.11307,1.10965,1.11301,13544
2025.05.13 16:00:00,1.11302,1.1182,1.11269,1.11755,17860
2025.05.13 20:00:00,1.11755,1.11944,1.11672,1.11839,6724
2025.05.14 00:00:00,1.11794,1.11968,1.11794,1.11916,5469
2025.05.14 04:00:00,1.11916,1.12,1.11824,1.11884,11259
2025.05.14 08:00:00,1.11883,1.12517,1.11797,1.12381,16577
2025.05.14 12:00:00,1.1238299999999999,1.1265100000000001,1.12091,1.12248,17442
2025.05.14 16:00:00,1.12248,1.12345,1.11753,1.11886,19392
2025.05.14 20:00:00,1.11886,1.11964,1.1164,1.11695,9178
2025.05.15 00:00:00,1.11667,1.11939,1.11629,1.11908,5215
2025.05.15 04:00:00,1.11911,1.12009,1.11883,1.11924,8120
2025.05.15 08:00:00,1.11924,1.12275,1.1185100000000001,1.12093,14554
2025.05.15 12:00:00,1.12094,1.12132,1.11788,1.12094,13394
2025.05.15 16:00:00,1.12093,1.12233,1.1172,1.11803,17444
2025.05.15 20:00:00,1.11802,1.11885,1.11698,1.11853,7081
2025.05.16 00:00:00,1.11835,1.12077,1.11773,1.12043,6440
2025.05.16 04:00:00,1.12044,1.12081,1.11958,1.12026,9392
2025.05.16 08:00:00,1.12026,1.12191,1.11966,1.11986,12580
2025.05.16 12:00:00,1.11984,1.12082,1.11876,1.11967,11946
2025.05.16 16:00:00,1.11966,1.12054,1.11306,1.11444,16150
2025.05.16 20:00:00,1.11444,1.11651,1.1139000000000001,1.11619,7651
2025.05.19 00:00:00,1.11756,1.11981,1.1162,1.11967,8672
2025.05.19 04:00:00,1.11967,1.11985,1.11718,1.11833,11040
2025.05.19 08:00:00,1.11832,1.12586,1.11757,1.12567,16515
2025.05.19 12:00:00,1.1257,1.12876,1.12545,1.12564,16405
2025.05.19 16:00:00,1.12564,1.12646,1.1229,1.12347,16810
2025.05.19 20:00:00,1.12347,1.12442,1.12236,1.1233,6675
2025.05.20 00:00:00,1.12342,1.12433,1.12176,1.12273,4759
2025.05.20 04:00:00,1.1227800000000001,1.12508,1.12256,1.12417,10455
2025.05.20 08:00:00,1.12417,1.1277300000000001,1.12413,1.12578,16288
2025.05.20 12:00:00,1.12578,1.12665,1.12231,1.12338,12763
2025.05.20 16:00:00,1.12337,1.12693,1.12243,1.12562,16084
2025.05.20 20:00:00,1.12561,1.12854,1.12543,1.12813,7590
2025.05.21 00:00:00,1.12811,1.13007,1.12774,1.12948,6004
2025.05.21 04:00:00,1.12948,1.13392,1.12862,1.13284,10423
2025.05.21 08:00:00,1.13284,1.13526,1.13116,1.13221,16626
2025.05.21 12:00:00,1.13223,1.13615,1.13142,1.1334,15477
2025.05.21 16:00:00,1.13343,1.13538,1.13228,1.13399,16102
2025.05.21 20:00:00,1.13399,1.13623,1.13151,1.13235,12325
2025.05.22 00:00:00,1.13238,1.1343,1.13105,1.13267,9514
2025.05.22 04:00:00,1.13267,1.13443,1.13169,1.13326,12093
2025.05.22 08:00:00,1.13326,1.13414,1.1295,1.13014,17993
2025.05.22 12:00:00,1.13012,1.13144,1.1284399999999999,1.12945,16094
2025.05.22 16:00:00,1.12945,1.13085,1.12653,1.1268799999999999,18929
2025.05.22 20:00:00,1.12687,1.12853,1.12553,1.12774,8414
2025.05.23 00:00:00,1.1277300000000001,1.12994,1.12755,1.12965,6095
2025.05.23 04:00:00,1.12965,1.13203,1.12946,1.1317300000000001,7938
2025.05.23 08:00:00,1.1317300000000001,1.13441,1.13076,1.13414,13090
2025.05.23 12:00:00,1.13413,1.1375,1.1297,1.13329,20870
2025.05.23 16:00:00,1.13328,1.13591,1.13103,1.13577,17824
2025.05.23 20:00:00,1.13577,1.1368800000000001,1.13512,1.13589,8148
2025.05.26 00:00:00,1.1363,1.13971,1.13597,1.13963,10271
2025.05.26 04:00:00,1.13963,1.14181,1.13876,1.14087,11071
2025.05.26 08:00:00,1.14087,1.14178,1.13823,1.13841,13584
2025.05.26 12:00:00,1.13841,1.13865,1.13684,1.13746,8992
2025.05.26 16:00:00,1.13746,1.1385,1.13726,1.13829,3650
2025.05.26 20:00:00,1.13831,1.13877,1.13779,1.13811,2217
2025.05.27 00:00:00,1.13809,1.14025,1.13726,1.13995,5620
2025.05.27 04:00:00,1.13995,1.14066,1.13771,1.13779,8270
2025.05.27 08:00:00,1.13782,1.13922,1.13366,1.13481,14685
2025.05.27 12:00:00,1.1348,1.13675,1.13401,1.1366100000000001,13559
2025.05.27 16:00:00,1.13662,1.13751,1.13227,1.13312,15849
2025.05.27 20:00:00,1.13312,1.1338300000000001,1.13236,1.1327,6644
2025.05.28 00:00:00,1.13263,1.13453,1.13215,1.1334,5856
2025.05.28 04:00:00,1.1334,1.13384,1.13001,1.13056,12062
2025.05.28 08:00:00,1.13056,1.13337,1.12949,1.13315,13093
2025.05.28 12:00:00,1.13316,1.13402,1.13069,1.13105,13427
2025.05.28 16:00:00,1.13105,1.13241,1.12833,1.12935,17221
2025.05.28 20:00:00,1.12935,1.13004,1.12839,1.12898,8273
2025.05.29 00:00:00,1.129,1.12967,1.12099,1.12343,13710
2025.05.29 04:00:00,1.12339,1.12564,1.12232,1.12471,13262
2025.05.29 08:00:00,1.12473,1.12822,1.12306,1.12714,16710
2025.05.29 12:00:00,1.12714,1.13494,1.12675,1.1349,16657
2025.05.29 16:00:00,1.1349,1.1379299999999999,1.13386,1.13708,18304
2025.05.29 20:00:00,1.13708,1.13839,1.13602,1.1365,7815
2025.05.30 00:00:00,1.13644,1.13842,1.13631,1.13719,8017
2025.05.30 04:00:00,1.13719,1.13893,1.1345,1.1345399999999999,12391
2025.05.30 08:00:00,1.13456,1.1354,1.13229,1.13235,14749
2025.05.30 12:00:00,1.13235,1.13579,1.13228,1.13456,15697
2025.05.30 16:00:00,1.1346,1.1358,1.1312,1.13498,19968
2025.05.30 20:00:00,1.13502,1.13665,1.13426,1.13457,8769
2025.06.02 00:00:00,1.1346,1.13742,1.13398,1.13681,7850
2025.06.02 04:00:00,1.13679,1.13816,1.1354,1.13649,10053
2025.06.02 08:00:00,1.13649,1.14363,1.13633,1.14197,14707
2025.06.02 12:00:00,1.14197,1.14364,1.14086,1.14178,15198
2025.06.02 16:00:00,1.14178,1.14494,1.14039,1.1418,18328
2025.06.02 20:00:00,1.14175,1.14458,1.14158,1.1437599999999999,8298
2025.06.03 00:00:00,1.14339,1.14541,1.14311,1.14429,5188
2025.06.03 04:00:00,1.14429,1.14429,1.14156,1.14248,8849
2025.06.03 08:00:00,1.14249,1.1432,1.1405,1.1411,13083
2025.06.03 12:00:00,1.14109,1.14175,1.13767,1.13814,12872
2025.06.03 16:00:00,1.13816,1.13946,1.13635,1.13728,16752
2025.06.03 20:00:00,1.13733,1.13813,1.1367099999999999,1.13708,5954
2025.06.04 00:00:00,1.137,1.13885,1.13686,1.13822,5748
2025.06.04 04:00:00,1.13821,1.13927,1.13643,1.1366100000000001,9656
2025.06.04 08:00:00,1.13662,1.14035,1.1356600000000001,1.1399,13673
2025.06.04 12:00:00,1.13989,1.14105,1.13744,1.14086,13772
2025.06.04 16:00:00,1.1409,1.1434,1.13923,1.14323,16808
2025.06.04 20:00:00,1.14327,1.14329,1.14097,1.1412499999999999,7268
2025.06.05 00:00:00,1.14113,1.14289,1.14099,1.14285,5783
2025.06.05 04:00:00,1.14285,1.14343,1.14072,1.1409799999999999,8927
2025.06.05 08:00:00,1.14099,1.14246,1.14041,1.14124,12915
2025.06.05 12:00:00,1.14124,1.14481,1.14091,1.14291,15094
2025.06.05 16:00:00,1.1429,1.14944,1.14179,1.14473,23305
2025.06.05 20:00:00,1.14473,1.14477,1.14308,1.14431,9922
2025.06.06 00:00:00,1.14429,1.14569,1.14383,1.14497,5529
2025.06.06 04:00:00,1.14495,1.14518,1.14326,1.14392,6675
2025.06.06 08:00:00,1.14392,1.14419,1.14111,1.14142,11092
2025.06.06 12:00:00,1.14141,1.14308,1.13849,1.13963,15262
2025.06.06 16:00:00,1.13963,1.14158,1.13712,1.13867,20100
2025.06.06 20:00:00,1.13867,1.14015,1.13842,1.13934,7401
2025.06.09 00:00:00,1.13955,1.14107,1.13885,1.13934,6101
2025.06.09 04:00:00,1.13934,1.14249,1.13934,1.14177,7411
2025.06.09 08:00:00,1.14178,1.14355,1.14116,1.14279,10609
2025.06.09 12:00:00,1.14279,1.14388,1.13941,1.13998,11156
2025.06.09 16:00:00,1.13991,1.1425,1.1386,1.1424,12261
2025.06.09 20:00:00,1.14242,1.14304,1.14163,1.14194,5551
2025.06.10 00:00:00,1.142,1.14351,1.14133,1.14238,6422
2025.06.10 04:00:00,1.1424,1.14277,1.13857,1.1399,9557
2025.06.10 08:00:00,1.13991,1.14142,1.13725,1.14077,16132
2025.06.10 12:00:00,1.14076,1.14398,1.14031,1.14316,11779
2025.06.10 16:00:00,1.1431499999999999,1.14471,1.14151,1.1423,12874
2025.06.10 20:00:00,1.14234,1.1436,1.1416,1.14201,6363
2025.06.11 00:00:00,1.14208,1.1439,1.1414900000000001,1.14205,7304
2025.06.11 04:00:00,1.14205,1.14264,1.14059,1.14151,7447
2025.06.11 08:00:00,1.14152,1.14382,1.14048,1.14304,10710
2025.06.11 12:00:00,1.14304,1.14887,1.14263,1.14601,14184
2025.06.11 16:00:00,1.14603,1.14954,1.14523,1.14892,16627
2025.06.11 20:00:00,1.14893,1.14989,1.14787,1.14859,8406
2025.06.12 00:00:00,1.14865,1.1526,1.14816,1.15206,8341
2025.06.12 04:00:00,1.15207,1.15286,1.1506,1.15148,11056
2025.06.12 08:00:00,1.15146,1.15471,1.15054,1.1543700000000001,15729
2025.06.12 12:00:00,1.15436,1.16313,1.15399,1.16093,19520
2025.06.12 16:00:00,1.1609099999999999,1.16167,1.15664,1.15756,18108
2025.06.12 20:00:00,1.15755,1.15871,1.15632,1.15799,7693
2025.06.13 00:00:00,1.15795,1.16141,1.15389,1.15582,10807
2025.06.13 04:00:00,1.15582,1.15597,1.15137,1.15247,15693
2025.06.13 08:00:00,1.15246,1.15597,1.15113,1.15282,17742
2025.06.13 12:00:00,1.15282,1.15353,1.14882,1.1515900000000001,17057
2025.06.13 16:00:00,1.15155,1.15689,1.15007,1.1554,15857
2025.06.13 20:00:00,1.1554,1.1555,1.1533,1.1549,10501
2025.06.16 00:00:00,1.15272,1.1548,1.15211,1.1534,10470
2025.06.16 04:00:00,1.15334,1.15436,1.15233,1.1535199999999999,10430
2025.06.16 08:00:00,1.15351,1.1586,1.15351,1.15777,15579
2025.06.16 12:00:00,1.1578,1.15852,1.15692,1.15834,12378
2025.06.16 16:00:00,1.15836,1.16141,1.15778,1.15833,16509
2025.06.16 20:00:00,1.15835,1.15844,1.15541,1.15572,7967
2025.06.17 00:00:00,1.15574,1.15647,1.15421,1.15493,9570
2025.06.17 04:00:00,1.15495,1.15668,1.15454,1.15605,10181
2025.06.17 08:00:00,1.15606,1.1571799999999999,1.1544699999999999,1.15515,13173
2025.06.17 12:00:00,1.15513,1.15795,1.15473,1.1549800000000001,13768
2025.06.17 16:00:00,1.15502,1.15689,1.14983,1.15022,17935
2025.06.17 20:00:00,1.15023,1.1508099999999999,1.14741,1.14787,12993
2025.06.18 00:00:00,1.1476899999999999,1.14964,1.14696,1.14919,8083
2025.06.18 04:00:00,1.14916,1.15074,1.1488800000000001,1.15052,8939
2025.06.18 08:00:00,1.1505,1.15228,1.14979,1.15016,12758
2025.06.18 12:00:00,1.15016,1.15163,1.14914,1.15055,12461
2025.06.18 16:00:00,1.15052,1.15298,1.14837,1.15025,16815
2025.06.18 20:00:00,1.15026,1.15286,1.14603,1.14753,18767
2025.06.19 00:00:00,1.14738,1.14885,1.14705,1.14804,7533
2025.06.19 04:00:00,1.14804,1.14815,1.14502,1.14686,10747
2025.06.19 08:00:00,1.14686,1.14786,1.14458,1.14761,15365
2025.06.19 12:00:00,1.14761,1.14869,1.1467100000000001,1.1477,13281
2025.06.19 16:00:00,1.1476899999999999,1.14841,1.14542,1.1456,10449
2025.06.19 20:00:00,1.1456,1.14994,1.1455,1.149,4260
2025.06.20 00:00:00,1.14872,1.15233,1.14861,1.15221,7149
2025.06.20 04:00:00,1.15221,1.15317,1.15105,1.1526399999999999,10774
2025.06.20 08:00:00,1.15263,1.1529,1.15095,1.15221,13844
2025.06.20 12:00:00,1.15219,1.15344,1.15053,1.15122,12685
2025.06.20 16:00:00,1.15123,1.15365,1.14947,1.15355,15491
2025.06.20 20:00:00,1.15355,1.15434,1.15134,1.15216,7583
2025.06.23 00:00:00,1.14516,1.15069,1.14516,1.14887,11188
2025.06.23 04:00:00,1.1488800000000001,1.15063,1.14719,1.14899,12383
2025.06.23 08:00:00,1.14901,1.15206,1.14798,1.14812,15743
2025.06.23 12:00:00,1.14811,1.14823,1.1453,1.1467,16479
2025.06.23 16:00:00,1.1467,1.1557,1.14643,1.15443,20830
2025.06.23 20:00:00,1.15444,1.15811,1.15402,1.15731,12683
2025.06.24 00:00:00,1.15727,1.16082,1.15709,1.1598600000000001,10298
2025.06.24 04:00:00,1.1598600000000001,1.16136,1.15862,1.1605699999999999,10367
2025.06.24 08:00:00,1.1605699999999999,1.16217,1.15796,1.1592,17415
2025.06.24 12:00:00,1.1592,1.16176,1.15913,1.16001,13971
2025.06.24 16:00:00,1.16001,1.16412,1.15816,1.16235,19479
2025.06.24 20:00:00,1.16235,1.16322,1.16068,1.16077,8422
2025.06.25 00:00:00,1.16043,1.16263,1.15977,1.16246,5596
2025.06.25 04:00:00,1.16247,1.16314,1.16107,1.16133,8534
2025.06.25 08:00:00,1.16132,1.1622,1.15895,1.16095,12261
2025.06.25 12:00:00,1.16093,1.16129,1.15896,1.15923,11697
2025.06.25 16:00:00,1.15923,1.16353,1.15897,1.16305,14205
2025.06.25 20:00:00,1.16306,1.16646,1.16265,1.16578,7783
2025.06.26 00:00:00,1.1655,1.1688399999999999,1.16514,1.16818,6474
2025.06.26 04:00:00,1.16819,1.17168,1.16671,1.16794,9019
2025.06.26 08:00:00,1.16792,1.17444,1.16712,1.17272,14863
2025.06.26 12:00:00,1.17269,1.17304,1.16894,1.17062,14756
2025.06.26 16:00:00,1.17068,1.17397,1.169,1.17289,18150
2025.06.26 20:00:00,1.17289,1.17315,1.1693500000000001,1.16992,8704
2025.06.27 00:00:00,1.16936,1.16991,1.168,1.16914,6949
2025.06.27 04:00:00,1.16912,1.1709,1.16848,1.16849,8680
2025.06.27 08:00:00,1.16855,1.17264,1.16828,1.17088,11005
2025.06.27 12:00:00,1.1709,1.17489,1.17008,1.17464,11987
2025.06.27 16:00:00,1.17464,1.17532,1.17051,1.17218,16794
2025.06.27 20:00:00,1.17218,1.17234,1.1687400000000001,1.17148,11246
2025.06.30 00:00:00,1.1728,1.17381,1.17154,1.17174,6385
2025.06.30 04:00:00,1.17174,1.17342,1.17112,1.17299,8305
2025.06.30 08:00:00,1.17299,1.1750099999999999,1.17131,1.17289,14201
2025.06.30 12:00:00,1.17286,1.17325,1.17073,1.1712799999999999,10629
2025.06.30 16:00:00,1.1712799999999999,1.17712,1.17102,1.1762,16373
2025.06.30 20:00:00,1.17621,1.17881,1.176,1.17862,8320
2025.07.01 00:00:00,1.17849,1.17973,1.1772,1.17969,6287
2025.07.01 04:00:00,1.17969,1.18072,1.17775,1.17858,7353
2025.07.01 08:00:00,1.17858,1.18168,1.17669,1.18039,12096
2025.07.01 12:00:00,1.18037,1.18293,1.17964,1.18033,13342
2025.07.01 16:00:00,1.18032,1.18114,1.17608,1.17649,18031
2025.07.01 20:00:00,1.1764999999999999,1.18063,1.17649,1.18052,8344
2025.07.02 00:00:00,1.18014,1.18076,1.17956,1.1807,4890
2025.07.02 04:00:00,1.18071,1.18096,1.17878,1.17958,6465
2025.07.02 08:00:00,1.17957,1.17977,1.17695,1.17749,11200
2025.07.02 12:00:00,1.1775,1.17878,1.17463,1.17561,14986
2025.07.02 16:00:00,1.17559,1.17932,1.17503,1.17879,17089
2025.07.02 20:00:00,1.17879,1.18028,1.17878,1.17968,6904
2025.07.03 00:00:00,1.1797,1.1801599999999999,1.17864,1.17992,2770
2025.07.03 12:00:00,1.17913,1.17995,1.17168,1.17379,13107
2025.07.03 16:00:00,1.17377,1.1789100000000001,1.17334,1.17519,17105
2025.07.03 20:00:00,1.17517,1.1759,1.17438,1.17549,4420
2025.07.04 00:00:00,1.17553,1.1771,1.17503,1.17664,5216
2025.07.04 04:00:00,1.17666,1.17673,1.17641,1.17653,183
2025.07.04 08:00:00,1.1775,1.17771,1.1767,1.1774,4952
2025.07.04 12:00:00,1.17736,1.17816,1.17634,1.17661,9251
2025.07.04 16:00:00,1.17661,1.17869,1.17658,1.1774,7735
2025.07.04 20:00:00,1.1774,1.17822,1.17659,1.17663,11384
2025.07.07 00:00:00,1.17804,1.17897,1.17728,1.17794,5352
2025.07.07 04:00:00,1.17793,1.17801,1.17635,1.17654,7263
2025.07.07 08:00:00,1.17655,1.17733,1.1723,1.17238,11465
2025.07.07 12:00:00,1.17238,1.17355,1.17175,1.1722,10648
2025.07.07 16:00:00,1.17217,1.17449,1.16868,1.16938,13555
2025.07.07 20:00:00,1.1694,1.17232,1.16863,1.1706699999999999,9458
2025.07.08 00:00:00,1.17047,1.17472,1.17047,1.1743000000000001,5941
2025.07.08 04:00:00,1.17429,1.17493,1.17304,1.1741,7753
2025.07.08 08:00:00,1.17409,1.17646,1.17312,1.17484,11808
2025.07.08 12:00:00,1.17483,1.175,1.17134,1.17205,10436
2025.07.08 16:00:00,1.17205,1.17217,1.16821,1.17082,15034
2025.07.08 20:00:00,1.17081,1.17291,1.17071,1.17238,9156
2025.07.09 00:00:00,1.17227,1.17288,1.17146,1.1724,4585
2025.07.09 04:00:00,1.1724,1.17253,1.1701,1.1712,8281
2025.07.09 08:00:00,1.1712,1.17279,1.17019,1.1712799999999999,11706
2025.07.09 12:00:00,1.1712799999999999,1.17193,1.16891,1.17148,11339
2025.07.09 16:00:00,1.17148,1.17243,1.17,1.17046,12702
2025.07.09 20:00:00,1.17041,1.17232,1.17034,1.1717,6894
2025.07.10 00:00:00,1.17157,1.1749100000000001,1.17071,1.17433,4809
2025.07.10 04:00:00,1.17433,1.1743999999999999,1.17299,1.17344,5683
2025.07.10 08:00:00,1.17344,1.17428,1.17255,1.17272,9484
2025.07.10 12:00:00,1.17271,1.17338,1.17014,1.1706,9620
2025.07.10 16:00:00,1.17057,1.17141,1.16621,1.16848,15267
2025.07.10 20:00:00,1.16849,1.1700599999999999,1.16811,1.16994,6570
2025.07.11 00:00:00,1.16981,1.1706699999999999,1.16642,1.16742,7785
2025.07.11 04:00:00,1.16741,1.16853,1.16683,1.16758,9424
2025.07.11 08:00:00,1.16758,1.16954,1.167,1.16815,12186
2025.07.11 12:00:00,1.16815,1.17005,1.16808,1.1688,11617
2025.07.11 16:00:00,1.16881,1.17136,1.16736,1.16909,14093
2025.07.11 20:00:00,1.1691,1.16953,1.16783,1.16882,8000
2025.07.14 00:00:00,1.1659,1.16936,1.1659,1.16929,7272
2025.07.14 04:00:00,1.16929,1.16973,1.16723,1.16743,7179
2025.07.14 08:00:00,1.16743,1.16883,1.16538,1.1682,10505
2025.07.14 12:00:00,1.1682,1.16966,1.1679,1.16851,9488
2025.07.14 16:00:00,1.16849,1.16956,1.16596,1.16619,12790
2025.07.14 20:00:00,1.16619,1.16724,1.16586,1.16636,6390
2025.07.15 00:00:00,1.16627,1.16768,1.16596,1.16718,3853
2025.07.15 04:00:00,1.16718,1.1679599999999999,1.16649,1.16754,5496
2025.07.15 08:00:00,1.16754,1.16921,1.16708,1.16863,10188
2025.07.15 12:00:00,1.16864,1.16906,1.16618,1.16776,11340
2025.07.15 16:00:00,1.16775,1.1678600000000001,1.15933,1.15956,18776
2025.07.15 20:00:00,1.15957,1.16039,1.15924,1.16018,3909
2025.07.16 00:00:00,1.15954,1.16128,1.15951,1.16073,3772
2025.07.16 04:00:00,1.16074,1.16193,1.16056,1.16191,5799
2025.07.16 08:00:00,1.16191,1.16279,1.16122,1.16249,9592
2025.07.16 12:00:00,1.16248,1.16257,1.15926,1.15981,11045
2025.07.16 16:00:00,1.15981,1.17207,1.1562000000000001,1.16385,25675
2025.07.16 20:00:00,1.1638600000000001,1.16581,1.16201,1.16331,10808
2025.07.17 00:00:00,1.16291,1.16421,1.16168,1.16233,4758
2025.07.17 04:00:00,1.16235,1.16283,1.16132,1.16237,6743
2025.07.17 08:00:00,1.16237,1.16268,1.15729,1.16009,10987
2025.07.17 12:00:00,1.16012,1.16042,1.15563,1.15867,9478
2025.07.17 16:00:00,1.15866,1.1602000000000001,1.15774,1.15856,13479
2025.07.17 20:00:00,1.15856,1.1599599999999999,1.15793,1.15943,7083
2025.07.18 00:00:00,1.15934,1.1627,1.15896,1.16241,4903
2025.07.18 04:00:00,1.16242,1.16337,1.1617899999999999,1.16187,6499
2025.07.18 08:00:00,1.16185,1.16451,1.16115,1.1635,9098
2025.07.18 12:00:00,1.1635,1.1657899999999999,1.16316,1.16557,9771
2025.07.18 16:00:00,1.16557,1.16715,1.1626,1.16281,13962
2025.07.18 20:00:00,1.16281,1.16292,1.16166,1.16242,7194
2025.07.21 00:00:00,1.16223,1.1636,1.16183,1.16185,8432
2025.07.21 04:00:00,1.16185,1.16296,1.16141,1.16287,5827
2025.07.21 08:00:00,1.16287,1.16516,1.16272,1.16417,9327
2025.07.21 12:00:00,1.16417,1.16728,1.16331,1.16646,8970
2025.07.21 16:00:00,1.16646,1.1716199999999999,1.16575,1.16996,12645
2025.07.21 20:00:00,1.16996,1.1701,1.16855,1.16872,6488
2025.07.22 00:00:00,1.16873,1.16954,1.16831,1.16879,4066
2025.07.22 04:00:00,1.16879,1.16951,1.16821,1.16878,4041
2025.07.22 08:00:00,1.16878,1.17029,1.1681300000000001,1.1698,7945
2025.07.22 12:00:00,1.1697899999999999,1.17087,1.16825,1.169,7988
2025.07.22 16:00:00,1.169,1.176,1.16783,1.17545,14303
2025.07.22 20:00:00,1.17547,1.17549,1.17415,1.17531,5296
2025.07.23 00:00:00,1.17522,1.17554,1.17331,1.17466,6288
2025.07.23 04:00:00,1.17469,1.17483,1.17301,1.17343,7417
2025.07.23 08:00:00,1.17343,1.17523,1.17268,1.17322,9852
2025.07.23 12:00:00,1.17322,1.17389,1.17197,1.17245,9204
2025.07.23 16:00:00,1.17244,1.17602,1.17104,1.17506,14631
2025.07.23 20:00:00,1.17507,1.17747,1.17451,1.17665,9225
2025.07.24 00:00:00,1.17648,1.17781,1.17616,1.1767,4071
2025.07.24 04:00:00,1.17668,1.17795,1.17664,1.17736,5772
2025.07.24 08:00:00,1.1773500000000001,1.17776,1.17546,1.17575,8424
2025.07.24 12:00:00,1.17575,1.17588,1.17316,1.17355,9434
2025.07.24 16:00:00,1.17356,1.17883,1.17302,1.1762,15715
2025.07.24 20:00:00,1.17622,1.17777,1.17445,1.17469,7027
2025.07.25 00:00:00,1.17507,1.17582,1.17327,1.17539,4473
2025.07.25 04:00:00,1.17539,1.1758,1.1733500000000001,1.1739600000000001,6064
2025.07.25 08:00:00,1.17395,1.17603,1.17368,1.17427,11219
2025.07.25 12:00:00,1.17426,1.17431,1.17112,1.17177,9802
2025.07.25 16:00:00,1.1718,1.17381,1.17027,1.1728399999999999,14693
2025.07.25 20:00:00,1.17283,1.17465,1.17282,1.17402,6726
2025.07.28 00:00:00,1.17519,1.17698,1.17507,1.17633,6454
2025.07.28 04:00:00,1.17633,1.17693,1.17449,1.17468,6364
2025.07.28 08:00:00,1.1746699999999999,1.17471,1.1670099999999999,1.16785,12611
2025.07.28 12:00:00,1.16785,1.16839,1.16433,1.16575,13234
2025.07.28 16:00:00,1.16575,1.16616,1.1598,1.15987,13955
2025.07.28 20:00:00,1.15985,1.16012,1.1584699999999999,1.15863,6322
2025.07.29 00:00:00,1.15854,1.1597,1.15841,1.15846,3360
2025.07.29 04:00:00,1.1584699999999999,1.15987,1.15741,1.15882,5657
2025.07.29 08:00:00,1.15882,1.1589800000000001,1.15262,1.15685,13053
2025.07.29 12:00:00,1.15685,1.15877,1.15257,1.15257,12033
2025.07.29 16:00:00,1.15243,1.15489,1.15185,1.15412,14658
2025.07.29 20:00:00,1.1541299999999999,1.156,1.15371,1.15442,7412
2025.07.30 00:00:00,1.15421,1.15672,1.1542,1.15667,3721
2025.07.30 04:00:00,1.15667,1.15722,1.155,1.15507,5928
2025.07.30 08:00:00,1.15506,1.1568100000000001,1.15396,1.15562,9935
2025.07.30 12:00:00,1.15562,1.156,1.14686,1.14713,12097
2025.07.30 16:00:00,1.14712,1.14844,1.14579,1.14733,13662
2025.07.30 20:00:00,1.14733,1.15028,1.14002,1.14012,17502
2025.07.31 00:00:00,1.14008,1.14368,1.14002,1.14337,5459
2025.07.31 04:00:00,1.14337,1.14375,1.14072,1.14353,8348
2025.07.31 08:00:00,1.14351,1.14602,1.14303,1.14494,12543
2025.07.31 12:00:00,1.14494,1.14504,1.14202,1.1428099999999999,12762
2025.07.31 16:00:00,1.1428099999999999,1.14494,1.14054,1.14221,15722
2025.07.31 20:00:00,1.14221,1.14326,1.14076,1.14136,8273
2025.08.01 00:00:00,1.14119,1.14283,1.14111,1.14238,6113
2025.08.01 04:00:00,1.14238,1.14284,1.14044,1.14186,8318
2025.08.01 08:00:00,1.14187,1.14375,1.1405,1.14059,10925
2025.08.01 12:00:00,1.14059,1.1558,1.1391,1.15451,15114
2025.08.01 16:00:00,1.15448,1.15876,1.15356,1.15388,25822
2025.08.01 20:00:00,1.15388,1.15965,1.15161,1.15873,13525
2025.08.04 00:00:00,1.15892,1.15961,1.15556,1.15575,6885
2025.08.04 04:00:00,1.15576,1.1586,1.15503,1.15748,6859
2025.08.04 08:00:00,1.15748,1.15834,1.15495,1.15579,12338
2025.08.04 12:00:00,1.15577,1.15884,1.15548,1.1575,13164
2025.08.04 16:00:00,1.15751,1.15884,1.15567,1.15724,15500
2025.08.04 20:00:00,1.15723,1.15777,1.15629,1.15743,6431
2025.08.05 00:00:00,1.15679,1.15881,1.15617,1.15722,3887
2025.08.05 04:00:00,1.15721,1.1574,1.15538,1.1558,5474
2025.08.05 08:00:00,1.15579,1.15625,1.15312,1.15369,10839
2025.08.05 12:00:00,1.15373,1.15487,1.15276,1.1537,12178
2025.08.05 16:00:00,1.15372,1.15862,1.15324,1.15824,15988
2025.08.05 20:00:00,1.15826,1.15831,1.15661,1.15758,5600
2025.08.06 00:00:00,1.15711,1.15854,1.15698,1.15738,3143
2025.08.06 04:00:00,1.15736,1.15865,1.1564,1.15825,4797
2025.08.06 08:00:00,1.15825,1.15886,1.15702,1.1575,9294
2025.08.06 12:00:00,1.15749,1.16288,1.15741,1.16239,11147
2025.08.06 16:00:00,1.16239,1.16479,1.1616900000000001,1.1634,15127
2025.08.06 20:00:00,1.16341,1.1668,1.16323,1.16593,7162
2025.08.07 00:00:00,1.16538,1.16655,1.16505,1.1652,4444
2025.08.07 04:00:00,1.1652,1.16759,1.1649,1.16707,5829
2025.08.07 08:00:00,1.16707,1.16982,1.16676,1.16822,10703
2025.08.07 12:00:00,1.16822,1.16842,1.16338,1.16505,13678
2025.08.07 16:00:00,1.16506,1.1658,1.16105,1.16376,16898
2025.08.07 20:00:00,1.16378,1.16707,1.16189,1.16631,9106
2025.08.08 00:00:00,1.16594,1.16788,1.16578,1.16722,5018
2025.08.08 04:00:00,1.16723,1.16733,1.16545,1.16578,6005
2025.08.08 08:00:00,1.16578,1.1663999999999999,1.1634,1.16367,9887
2025.08.08 12:00:00,1.16365,1.16531,1.16282,1.16412,11051
2025.08.08 16:00:00,1.16413,1.16673,1.16409,1.16558,11781
2025.08.08 20:00:00,1.16558,1.16662,1.16358,1.16397,7384
2025.08.11 00:00:00,1.16436,1.16512,1.16405,1.16469,10799
2025.08.11 04:00:00,1.16469,1.1675,1.1645,1.16715,5664
2025.08.11 08:00:00,1.16714,1.16734,1.16435,1.16549,8330
2025.08.11 12:00:00,1.16548,1.16577,1.16136,1.16196,9714
2025.08.11 16:00:00,1.16197,1.16271,1.15896,1.1607,11579
2025.08.11 20:00:00,1.16071,1.1619,1.15981,1.16149,5842
2025.08.12 00:00:00,1.16068,1.16194,1.16067,1.16148,4386
2025.08.12 04:00:00,1.16147,1.1627399999999999,1.16139,1.16271,5777
2025.08.12 08:00:00,1.16271,1.16285,1.16076,1.16143,10291
2025.08.12 12:00:00,1.16143,1.16553,1.15982,1.16415,12643
2025.08.12 16:00:00,1.16415,1.16966,1.1616900000000001,1.16793,20687
2025.08.12 20:00:00,1.16793,1.168,1.1663999999999999,1.16721,7195
2025.08.13 00:00:00,1.16696,1.16803,1.16676,1.16794,5162
2025.08.13 04:00:00,1.16794,1.16871,1.1670099999999999,1.16836,5509
2025.08.13 08:00:00,1.16837,1.17199,1.16761,1.17135,10345
2025.08.13 12:00:00,1.17135,1.17297,1.1696900000000001,1.16982,9258
2025.08.13 16:00:00,1.16984,1.1723,1.16926,1.17063,12426
2025.08.13 20:00:00,1.17063,1.17103,1.16954,1.17037,6050
2025.08.14 00:00:00,1.16999,1.17143,1.16961,1.17107,5028
2025.08.14 04:00:00,1.17107,1.17146,1.16986,1.17033,6282
2025.08.14 08:00:00,1.17034,1.17059,1.1667399999999999,1.16679,10490
2025.08.14 12:00:00,1.16679,1.16968,1.16487,1.16632,12407
2025.08.14 16:00:00,1.16632,1.16708,1.16305,1.16338,15910
2025.08.14 20:00:00,1.16342,1.16498,1.16309,1.16471,6371
2025.08.15 00:00:00,1.1647,1.16527,1.16451,1.16516,3502
2025.08.15 04:00:00,1.16519,1.1663999999999999,1.16478,1.16624,4963
2025.08.15 08:00:00,1.16624,1.1684700000000001,1.16607,1.16818,8372
2025.08.15 12:00:00,1.16817,1.16994,1.16732,1.16934,9397
2025.08.15 16:00:00,1.1694499999999999,1.17147,1.1681300000000001,1.17033,13408
2025.08.15 20:00:00,1.17033,1.17075,1.16973,1.17066,5500
2025.08.18 00:00:00,1.17096,1.17157,1.16997,1.17011,4053
2025.08.18 04:00:00,1.17011,1.17098,1.16932,1.17079,5180
2025.08.18 08:00:00,1.17076,1.17083,1.16705,1.1681300000000001,9415
2025.08.18 12:00:00,1.1681300000000001,1.16878,1.16656,1.16759,9104
2025.08.18 16:00:00,1.1676,1.16839,1.16555,1.16574,11136
2025.08.18 20:00:00,1.16573,1.167,1.16563,1.166,5784
2025.08.19 00:00:00,1.1659,1.16747,1.16554,1.1657899999999999,3939
2025.08.19 04:00:00,1.16578,1.16617,1.1638600000000001,1.16601,6492
2025.08.19 08:00:00,1.16602,1.16837,1.16507,1.16745,8786
2025.08.19 12:00:00,1.16747,1.16924,1.16721,1.1675,7951
2025.08.19 16:00:00,1.1675,1.16777,1.1654,1.16558,10750
2025.08.19 20:00:00,1.16559,1.16602,1.16418,1.16453,5204
2025.08.20 00:00:00,1.16393,1.1650800000000001,1.16309,1.16382,6240
2025.08.20 04:00:00,1.16382,1.16417,1.16218,1.16339,7046
2025.08.20 08:00:00,1.1634,1.16463,1.16226,1.16372,9706
2025.08.20 12:00:00,1.16371,1.16731,1.16345,1.16705,9114
2025.08.20 16:00:00,1.16705,1.16714,1.1645699999999999,1.16593,12400
2025.08.20 20:00:00,1.16592,1.16719,1.16459,1.16493,6643
2025.08.21 00:00:00,1.16486,1.16545,1.16408,1.16462,4028
2025.08.21 04:00:00,1.16462,1.165,1.16408,1.1644700000000001,5429
2025.08.21 08:00:00,1.1645,1.16608,1.16245,1.1654200000000001,9178
2025.08.21 12:00:00,1.1654200000000001,1.16622,1.16363,1.16461,9714
2025.08.21 16:00:00,1.16462,1.16494,1.16007,1.16106,14722
2025.08.21 20:00:00,1.16106,1.16181,1.16029,1.16056,5585
2025.08.22 00:00:00,1.16012,1.1616,1.16007,1.16143,4262
2025.08.22 04:00:00,1.16143,1.1615199999999999,1.15824,1.15839,5562
2025.08.22 08:00:00,1.1584,1.1599,1.15827,1.15989,7291
2025.08.22 12:00:00,1.15988,1.16131,1.1593,1.1608100000000001,7054
2025.08.22 16:00:00,1.1608100000000001,1.17316,1.1597,1.17214,19324
2025.08.22 20:00:00,1.17214,1.1742,1.17144,1.17208,7778
2025.08.25 00:00:00,1.17199,1.17286,1.1695,1.16975,9773
2025.08.25 04:00:00,1.16974,1.17073,1.16931,1.17053,4807
2025.08.25 08:00:00,1.17053,1.172,1.16941,1.17036,7277
2025.08.25 12:00:00,1.17036,1.1703999999999999,1.1684700000000001,1.16992,6942
2025.08.25 16:00:00,1.16991,1.17086,1.16509,1.1654200000000001,11248
2025.08.25 20:00:00,1.16543,1.16553,1.16024,1.1617899999999999,8124
2025.08.26 00:00:00,1.16158,1.16594,1.16097,1.16474,7305
2025.08.26 04:00:00,1.16474,1.16496,1.16231,1.16313,7379
2025.08.26 08:00:00,1.16314,1.16438,1.16017,1.16174,12587
2025.08.26 12:00:00,1.16174,1.166,1.16171,1.16458,10567
2025.08.26 16:00:00,1.16455,1.16647,1.16368,1.16483,13037
2025.08.26 20:00:00,1.1648399999999999,1.16522,1.1633,1.16402,6688
2025.08.27 00:00:00,1.16402,1.16471,1.16332,1.1636199999999999,3641
2025.08.27 04:00:00,1.16363,1.16401,1.16116,1.16135,5330
2025.08.27 08:00:00,1.16135,1.16233,1.15766,1.15881,9488
2025.08.27 12:00:00,1.15883,1.15977,1.15736,1.15858,9165
2025.08.27 16:00:00,1.15858,1.16404,1.15816,1.16377,13055
2025.08.27 20:00:00,1.16379,1.16422,1.1627399999999999,1.16369,6184
2025.08.28 00:00:00,1.16331,1.16488,1.1631,1.16451,3928
2025.08.28 04:00:00,1.16451,1.1654200000000001,1.16383,1.16393,4737
2025.08.28 08:00:00,1.16393,1.1649,1.16286,1.16419,8729
2025.08.28 12:00:00,1.16419,1.16866,1.16419,1.1669100000000001,11069
2025.08.28 16:00:00,1.1669100000000001,1.16894,1.16581,1.16888,13479
2025.08.28 20:00:00,1.16888,1.1696900000000001,1.16757,1.16812,5157
2025.08.29 00:00:00,1.168,1.16816,1.16722,1.16742,4169
2025.08.29 04:00:00,1.16742,1.16759,1.16557,1.16642,5290
2025.08.29 08:00:00,1.16642,1.16897,1.16607,1.1675200000000001,8926
2025.08.29 12:00:00,1.1675200000000001,1.1682,1.16504,1.1658,9933
2025.08.29 16:00:00,1.1658,1.17083,1.16529,1.17011,14501
2025.08.29 20:00:00,1.17009,1.17025,1.16804,1.16825,4981
2025.09.01 00:00:00,1.16943,1.16974,1.16846,1.16966,3207
2025.09.01 04:00:00,1.16967,1.17138,1.16875,1.17078,5935
2025.09.01 08:00:00,1.17078,1.17357,1.17078,1.17348,8827
2025.09.01 12:00:00,1.17347,1.17356,1.17062,1.17068,8110
2025.09.01 16:00:00,1.1707,1.17156,1.16961,1.17042,6935
2025.09.01 20:00:00,1.17041,1.17132,1.17008,1.17106,2919
2025.09.02 00:00:00,1.17061,1.17177,1.17027,1.17039,3797
2025.09.02 04:00:00,1.1703999999999999,1.17064,1.16894,1.16928,6597
2025.09.02 08:00:00,1.16928,1.1706,1.16332,1.16446,13850
2025.09.02 12:00:00,1.16445,1.16525,1.16125,1.16167,15453
2025.09.02 16:00:00,1.16167,1.16821,1.16145,1.16436,16667
2025.09.02 20:00:00,1.16437,1.16478,1.16289,1.16402,6149
2025.09.03 00:00:00,1.16339,1.16436,1.16284,1.16326,3765
2025.09.03 04:00:00,1.16326,1.16349,1.1621299999999999,1.16312,5781
2025.09.03 08:00:00,1.16312,1.1657,1.16077,1.16559,10095
2025.09.03 12:00:00,1.16559,1.16642,1.16393,1.16477,9601
2025.09.03 16:00:00,1.16477,1.16816,1.16382,1.16748,14617
2025.09.03 20:00:00,1.16748,1.16767,1.16551,1.16602,5709
2025.09.04 00:00:00,1.16584,1.16627,1.16541,1.16582,4541
2025.09.04 04:00:00,1.16583,1.16689,1.16498,1.1651,5904
2025.09.04 08:00:00,1.1651,1.16608,1.16439,1.16572,8606
2025.09.04 12:00:00,1.16573,1.16599,1.16302,1.16461,12126
2025.09.04 16:00:00,1.1646,1.16555,1.16311,1.16398,12626
2025.09.04 20:00:00,1.16398,1.1652,1.16343,1.16498,4178
2025.09.05 00:00:00,1.16459,1.1661,1.16427,1.16595,3036
2025.09.05 04:00:00,1.16593,1.16745,1.16593,1.16672,4027
2025.09.05 08:00:00,1.16672,1.16845,1.16647,1.16831,7215
2025.09.05 12:00:00,1.16831,1.17503,1.16775,1.17347,14788
2025.09.05 16:00:00,1.1735,1.17597,1.1714,1.17391,19494
2025.09.05 20:00:00,1.17393,1.17394,1.1712799999999999,1.17167,6004
2025.09.08 00:00:00,1.17089,1.17209,1.17027,1.17126,4479
2025.09.08 04:00:00,1.17127,1.17174,1.17058,1.17132,5103
2025.09.08 08:00:00,1.17131,1.1743000000000001,1.17117,1.17315,9943
2025.09.08 12:00:00,1.17311,1.17416,1.17199,1.17378,9361
2025.09.08 16:00:00,1.17375,1.17564,1.17348,1.17402,11031
2025.09.08 20:00:00,1.17403,1.17658,1.17347,1.17622,5641
2025.09.09 00:00:00,1.17588,1.1774499999999999,1.17556,1.1771,3722
2025.09.09 04:00:00,1.1771,1.17777,1.17633,1.17725,4484
2025.09.09 08:00:00,1.17724,1.17803,1.17441,1.17593,11056
2025.09.09 12:00:00,1.17593,1.17723,1.17275,1.17376,10522
2025.09.09 16:00:00,1.17377,1.17622,1.17156,1.17192,16020
2025.09.09 20:00:00,1.17193,1.17238,1.17034,1.17094,6639
2025.09.10 00:00:00,1.17027,1.17134,1.16958,1.16972,3776
2025.09.10 04:00:00,1.16974,1.17155,1.16892,1.17153,4924
2025.09.10 08:00:00,1.17153,1.17181,1.16826,1.16998,10751
2025.09.10 12:00:00,1.16997,1.17275,1.16915,1.17,12613
2025.09.10 16:00:00,1.17002,1.17307,1.16956,1.17059,13195
2025.09.10 20:00:00,1.17058,1.17124,1.16929,1.16939,5270
2025.09.11 00:00:00,1.1693,1.17071,1.16926,1.16939,2784
2025.09.11 04:00:00,1.16938,1.1703000000000001,1.16927,1.1699,3341
2025.09.11 08:00:00,1.16991,1.16997,1.16835,1.1692,9337
2025.09.11 12:00:00,1.16917,1.17211,1.16604,1.17148,16817
2025.09.11 16:00:00,1.17148,1.17463,1.17138,1.17367,18036
2025.09.11 20:00:00,1.17368,1.17392,1.17276,1.17352,5964
2025.09.12 00:00:00,1.17307,1.17401,1.17272,1.17333,3884
2025.09.12 04:00:00,1.17334,1.17346,1.17206,1.17258,3928
2025.09.12 08:00:00,1.1726,1.17479,1.17154,1.17171,10734
2025.09.12 12:00:00,1.1717,1.17356,1.17011,1.17126,10613
2025.09.12 16:00:00,1.17126,1.17317,1.17033,1.17266,11962
2025.09.12 20:00:00,1.17266,1.17418,1.17266,1.1734,5197
2025.09.15 00:00:00,1.17269,1.1735,1.17215,1.17266,2800
2025.09.15 04:00:00,1.17267,1.17353,1.17226,1.17343,3775
2025.09.15 08:00:00,1.1734499999999999,1.17444,1.1716,1.1736900000000001,10106
2025.09.15 12:00:00,1.17367,1.1771099999999999,1.17364,1.17693,9647
2025.09.15 16:00:00,1.17698,1.17747,1.17506,1.17587,10737
2025.09.15 20:00:00,1.17585,1.1773,1.17577,1.17605,4652
2025.09.16 00:00:00,1.17593,1.17664,1.1757,1.17622,2929
2025.09.16 04:00:00,1.17624,1.17871,1.1758,1.17765,5266
2025.09.16 08:00:00,1.17764,1.18042,1.17734,1.17947,10601
2025.09.16 12:00:00,1.17948,1.18216,1.1789399999999999,1.18043,13741
2025.09.16 16:00:00,1.18044,1.1872,1.18038,1.18642,16608
2025.09.16 20:00:00,1.18639,1.18787,1.1857199999999999,1.18659,6586
2025.09.17 00:00:00,1.18588,1.18731,1.18503,1.18586,3376
2025.09.17 04:00:00,1.18584,1.18595,1.18509,1.1853799999999999,4045
2025.09.17 08:00:00,1.1853799999999999,1.186,1.18381,1.18484,7927
2025.09.17 12:00:00,1.18485,1.18496,1.18327,1.18432,8409
2025.09.17 16:00:00,1.18433,1.18595,1.1842,1.1852800000000001,9882
2025.09.17 20:00:00,1.18527,1.19185,1.18069,1.1812,25161
2025.09.18 00:00:00,1.18102,1.18289,1.18095,1.18249,4544
2025.09.18 04:00:00,1.18248,1.18282,1.17934,1.17951,5890
2025.09.18 08:00:00,1.17953,1.18387,1.17803,1.1828,12576
2025.09.18 12:00:00,1.1828,1.18484,1.17951,1.17953,13219
2025.09.18 16:00:00,1.17953,1.17963,1.17503,1.17873,17801
2025.09.18 20:00:00,1.17872,1.1794,1.17802,1.17856,5853
2025.09.19 00:00:00,1.17828,1.17906,1.1775,1.17864,4101
2025.09.19 04:00:00,1.17863,1.17927,1.177,1.17742,6709
2025.09.19 08:00:00,1.17741,1.17784,1.17513,1.1761300000000001,11831
2025.09.19 12:00:00,1.17612,1.17691,1.17286,1.17363,10267
2025.09.19 16:00:00,1.17363,1.17679,1.17352,1.17534,13191
2025.09.19 20:00:00,1.17533,1.17554,1.17382,1.17419,4490
2025.09.22 00:00:00,1.17338,1.17479,1.17258,1.17348,3597
2025.09.22 04:00:00,1.17348,1.1741,1.17262,1.17309,4977
2025.09.22 08:00:00,1.17309,1.17693,1.17296,1.17625,9460
2025.09.22 12:00:00,1.17626,1.17872,1.17615,1.17834,9818
2025.09.22 16:00:00,1.17835,1.17903,1.17625,1.17878,9122
2025.09.22 20:00:00,1.17879,1.18024,1.17852,1.1801,4565
2025.09.23 00:00:00,1.17913,1.1807699999999999,1.17789,1.1806,3513
2025.09.23 04:00:00,1.1806,1.18202,1.17964,1.17976,5155
2025.09.23 08:00:00,1.17975,1.18056,1.17791,1.1803,11933
2025.09.23 12:00:00,1.18029,1.18126,1.17843,1.17966,9525
2025.09.23 16:00:00,1.17965,1.18096,1.17841,1.18045,13863
2025.09.23 20:00:00,1.18043,1.18179,1.18026,1.18141,6747
2025.09.24 00:00:00,1.18117,1.18184,1.18034,1.18039,4097
2025.09.24 04:00:00,1.1804000000000001,1.18055,1.17947,1.1803,5303
2025.09.24 08:00:00,1.18029,1.18054,1.17662,1.1772,10360
2025.09.24 12:00:00,1.17718,1.17752,1.17397,1.1743000000000001,10824
2025.09.24 16:00:00,1.17429,1.17464,1.17279,1.17322,13178
2025.09.24 20:00:00,1.17323,1.17407,1.17318,1.1737,5311
2025.09.25 00:00:00,1.17358,1.17483,1.17354,1.17476,2950
2025.09.25 04:00:00,1.17477,1.17537,1.17403,1.17519,4148
2025.09.25 08:00:00,1.17519,1.17526,1.17304,1.1743000000000001,9451
2025.09.25 12:00:00,1.17428,1.17541,1.16875,1.16983,12870
2025.09.25 16:00:00,1.16985,1.17102,1.16665,1.16703,16231
2025.09.25 20:00:00,1.16702,1.16723,1.16452,1.16645,7561
2025.09.26 00:00:00,1.1657,1.16712,1.1651,1.1671,8618
2025.09.26 04:00:00,1.16709,1.16822,1.16653,1.16801,4056
2025.09.26 08:00:00,1.16801,1.1688,1.16683,1.16808,9077
2025.09.26 12:00:00,1.16807,1.16864,1.16615,1.16827,10807
2025.09.26 16:00:00,1.16828,1.1705,1.1678,1.1693,13723
2025.09.26 20:00:00,1.16932,1.1706699999999999,1.16905,1.1699,5586
2025.09.29 00:00:00,1.16993,1.17232,1.16978,1.17215,3583
2025.09.29 04:00:00,1.17215,1.17326,1.17141,1.17266,4856
2025.09.29 08:00:00,1.17267,1.17334,1.1708,1.17239,8587
2025.09.29 12:00:00,1.17239,1.17514,1.1709,1.17498,9425
2025.09.29 16:00:00,1.17497,1.17547,1.17228,1.1729,11716
2025.09.29 20:00:00,1.1728399999999999,1.17331,1.17198,1.17261,4275
2025.09.30 00:00:00,1.17238,1.17326,1.1712500000000001,1.17204,3426
2025.09.30 04:00:00,1.17206,1.17289,1.17119,1.17286,4761
2025.09.30 08:00:00,1.17289,1.17616,1.17278,1.17553,9363
2025.09.30 12:00:00,1.17554,1.17583,1.17329,1.17374,9039
2025.09.30 16:00:00,1.1736900000000001,1.17593,1.17164,1.17561,14659
2025.09.30 20:00:00,1.17563,1.17615,1.17321,1.1733,5853
2025.10.01 00:00:00,1.17339,1.17425,1.17287,1.17356,6075
2025.10.01 04:00:00,1.17356,1.17582,1.173,1.17577,4034
2025.10.01 08:00:00,1.1758,1.17789,1.17421,1.17492,13663
2025.10.01 12:00:00,1.17495,1.17688,1.17158,1.17489,16108
2025.10.01 16:00:00,1.17494,1.17638,1.1715200000000001,1.1723,18728
2025.10.01 20:00:00,1.17232,1.17418,1.17211,1.173,6406
2025.10.02 00:00:00,1.17279,1.17372,1.17243,1.17301,4312
2025.10.02 04:00:00,1.17299,1.1742,1.17239,1.17342,3550
2025.10.02 08:00:00,1.17347,1.17569,1.17292,1.17534,9366
2025.10.02 12:00:00,1.17539,1.17585,1.17343,1.17377,9403
2025.10.02 16:00:00,1.17373,1.17441,1.1683,1.17145,16134
2025.10.02 20:00:00,1.17144,1.1727,1.1712,1.17161,5145
2025.10.03 00:00:00,1.17123,1.17257,1.17115,1.17242,2963
2025.10.03 04:00:00,1.17241,1.17295,1.1716,1.17176,4807
2025.10.03 08:00:00,1.17175,1.17447,1.17146,1.17404,7647
2025.10.03 12:00:00,1.174,1.17431,1.17272,1.17392,8125
2025.10.03 16:00:00,1.17391,1.17591,1.17325,1.17401,13167
2025.10.03 20:00:00,1.17394,1.17439,1.17265,1.1741,4784
2025.10.06 00:00:00,1.17141,1.17296,1.17061,1.17164,8372
2025.10.06 04:00:00,1.17166,1.1731,1.17098,1.17205,4775
2025.10.06 08:00:00,1.17204,1.17255,1.1652,1.16675,14867
2025.10.06 12:00:00,1.16675,1.16899,1.16524,1.16894,11613
2025.10.06 16:00:00,1.16889,1.17212,1.16838,1.17116,11422
2025.10.06 20:00:00,1.17116,1.1717,1.17073,1.17119,4471
2025.10.07 00:00:00,1.17088,1.1715200000000001,1.16971,1.17084,4194
2025.10.07 04:00:00,1.17084,1.1709,1.16941,1.16987,3569
2025.10.07 08:00:00,1.16985,1.16999,1.16651,1.16662,9827
2025.10.07 12:00:00,1.1666,1.1676,1.16535,1.16672,10325
2025.10.07 16:00:00,1.16671,1.1681300000000001,1.16545,1.16697,12361
2025.10.07 20:00:00,1.16703,1.16793,1.16468,1.16566,6335
2025.10.08 00:00:00,1.16528,1.16607,1.16453,1.16475,3384
2025.10.08 04:00:00,1.16471,1.16471,1.16157,1.16191,6514
2025.10.08 08:00:00,1.16191,1.16355,1.16069,1.16143,11151
2025.10.08 12:00:00,1.16145,1.16382,1.16054,1.16328,10861
2025.10.08 16:00:00,1.16327,1.1644700000000001,1.15981,1.16055,12676
2025.10.08 20:00:00,1.16055,1.16318,1.15994,1.16278,7106
2025.10.09 00:00:00,1.16231,1.16413,1.16177,1.16367,6957
2025.10.09 04:00:00,1.16367,1.16479,1.16361,1.16458,4286
2025.10.09 08:00:00,1.16458,1.1648399999999999,1.16029,1.16121,11857
2025.10.09 12:00:00,1.16122,1.1627399999999999,1.16049,1.16151,11450
2025.10.09 16:00:00,1.16155,1.16233,1.1547,1.15576,18693
2025.10.09 20:00:00,1.15577,1.15664,1.15418,1.15642,6850
2025.10.10 00:00:00,1.15531,1.15703,1.15435,1.15672,3058
2025.10.10 04:00:00,1.15672,1.15741,1.15625,1.15737,3882
2025.10.10 08:00:00,1.15737,1.15896,1.15609,1.15791,10138
2025.10.10 12:00:00,1.1579,1.15836,1.15592,1.15719,9483
2025.10.10 16:00:00,1.15645,1.16305,1.15622,1.16061,18473
2025.10.10 20:00:00,1.1606,1.16283,1.15967,1.16227,7834
2025.10.13 00:00:00,1.16112,1.16161,1.15911,1.16155,7407
2025.10.13 04:00:00,1.16161,1.16279,1.161,1.16198,5063
2025.10.13 08:00:00,1.16199,1.1630099999999999,1.1581299999999999,1.15854,11253
2025.10.13 12:00:00,1.15855,1.15982,1.15613,1.15688,11035
2025.10.13 16:00:00,1.15689,1.15796,1.15574,1.15751,10302
2025.10.13 20:00:00,1.15753,1.1577600000000001,1.15639,1.15696,4063
2025.10.14 00:00:00,1.15649,1.15737,1.15548,1.15608,3652
2025.10.14 04:00:00,1.15609,1.15924,1.15606,1.15916,5164
2025.10.14 08:00:00,1.15915,1.15939,1.15427,1.1559,14753
2025.10.14 12:00:00,1.15592,1.1565400000000001,1.15461,1.1555900000000001,11328
2025.10.14 16:00:00,1.1555900000000001,1.16151,1.15542,1.16093,16888
2025.10.14 20:00:00,1.16093,1.16123,1.15991,1.16073,6428
2025.10.15 00:00:00,1.16041,1.1614,1.16017,1.16107,3043
2025.10.15 04:00:00,1.16107,1.16263,1.16067,1.16183,5164
2025.10.15 08:00:00,1.16183,1.16455,1.16178,1.16324,12516
2025.10.15 12:00:00,1.16323,1.16393,1.16136,1.16174,11386
2025.10.15 16:00:00,1.16175,1.16472,1.16103,1.1639599999999999,13539
2025.10.15 20:00:00,1.16395,1.16474,1.16271,1.16466,6279
2025.10.16 00:00:00,1.16418,1.16669,1.1636199999999999,1.16635,4082
2025.10.16 04:00:00,1.16636,1.16756,1.16555,1.16556,5402
2025.10.16 08:00:00,1.16557,1.1668,1.16429,1.16591,13850
2025.10.16 12:00:00,1.16592,1.1663999999999999,1.16461,1.16608,9751
2025.10.16 16:00:00,1.16608,1.16791,1.16504,1.16773,14081
2025.10.16 20:00:00,1.16773,1.16941,1.16765,1.16868,8378
2025.10.17 00:00:00,1.1682299999999999,1.17116,1.1681,1.17071,4678
2025.10.17 04:00:00,1.17069,1.17126,1.16949,1.17095,5608
2025.10.17 08:00:00,1.17095,1.17281,1.16914,1.1697,15066
2025.10.17 12:00:00,1.16972,1.1708,1.16669,1.16768,12439
2025.10.17 16:00:00,1.16766,1.1681300000000001,1.16565,1.16706,12954
2025.10.17 20:00:00,1.16705,1.16759,1.16495,1.16502,6156
2025.10.20 00:00:00,1.16622,1.16661,1.16507,1.1666,3857
2025.10.20 04:00:00,1.16661,1.16741,1.16563,1.16715,3901
2025.10.20 08:00:00,1.16713,1.16757,1.16536,1.16637,8526
2025.10.20 12:00:00,1.16636,1.16679,1.16443,1.16536,9496
2025.10.20 16:00:00,1.16537,1.16647,1.16462,1.165,10150
2025.10.20 20:00:00,1.16499,1.16532,1.16384,1.16404,4537
2025.10.21 00:00:00,1.16389,1.16553,1.16369,1.1653,2802
2025.10.21 04:00:00,1.16529,1.16531,1.16317,1.16356,4753
2025.10.21 08:00:00,1.16356,1.16379,1.16127,1.16214,10785
2025.10.21 12:00:00,1.16215,1.16275,1.16018,1.16114,11407
2025.10.21 16:00:00,1.16113,1.16248,1.15975,1.16093,13823
2025.10.21 20:00:00,1.16092,1.16103,1.15979,1.15988,5000
2025.10.22 00:00:00,1.15965,1.1608100000000001,1.15955,1.16048,3059
2025.10.22 04:00:00,1.16048,1.16107,1.16016,1.1609099999999999,3519
2025.10.22 08:00:00,1.16094,1.16159,1.15897,1.15979,10219
2025.10.22 12:00:00,1.15978,1.16022,1.15768,1.15833,9424
2025.10.22 16:00:00,1.15833,1.16224,1.15823,1.16191,12638
2025.10.22 20:00:00,1.16192,1.16202,1.1604700000000001,1.16089,4859
2025.10.23 00:00:00,1.16079,1.16138,1.15974,1.16045,2812
2025.10.23 04:00:00,1.16044,1.1605699999999999,1.15902,1.15992,3653
2025.10.23 08:00:00,1.15989,1.16064,1.15905,1.15965,8335
2025.10.23 12:00:00,1.15964,1.16062,1.15852,1.1601,8467
2025.10.23 16:00:00,1.1601,1.16201,1.1598,1.16065,10394
2025.10.23 20:00:00,1.16064,1.16188,1.16041,1.16175,1846
2025.10.24 00:00:00,1.1615199999999999,1.16217,1.16126,1.16178,2708
2025.10.24 04:00:00,1.1617899999999999,1.16189,1.16054,1.16076,3317
2025.10.24 08:00:00,1.16072,1.16281,1.16008,1.16099,9743
2025.10.24 12:00:00,1.16097,1.16489,1.16051,1.16339,11671
2025.10.24 16:00:00,1.1634,1.16434,1.1618,1.16259,12566
2025.10.24 20:00:00,1.16258,1.16356,1.16198,1.16253,4275
2025.10.27 00:00:00,1.1629,1.16478,1.16252,1.16387,4690
2025.10.27 04:00:00,1.16388,1.16394,1.16204,1.16259,3779
2025.10.27 08:00:00,1.1626,1.16401,1.16175,1.1638,8489
2025.10.27 12:00:00,1.16381,1.1651799999999999,1.16313,1.16356,9194
2025.10.27 16:00:00,1.16357,1.16426,1.16322,1.16382,7419
2025.10.27 20:00:00,1.16383,1.1652,1.16349,1.1644700000000001,3939
2025.10.28 00:00:00,1.16467,1.16638,1.16449,1.16571,4004
2025.10.28 04:00:00,1.16571,1.16684,1.16535,1.16634,4292
2025.10.28 08:00:00,1.16633,1.16668,1.16448,1.16571,9186
2025.10.28 12:00:00,1.16573,1.16651,1.16254,1.16393,10157
2025.10.28 16:00:00,1.16392,1.16689,1.16371,1.16627,10745
2025.10.28 20:00:00,1.16628,1.16654,1.16493,1.1651,4083
2025.10.29 00:00:00,1.16519,1.16608,1.16463,1.1647,4763
2025.10.29 04:00:00,1.16469,1.1648,1.16269,1.16316,4434
2025.10.29 08:00:00,1.16316,1.16472,1.16186,1.16411,9442
2025.10.29 12:00:00,1.1641,1.16489,1.16276,1.16369,10593
2025.10.29 16:00:00,1.16369,1.16661,1.16317,1.1647,10262
2025.10.29 20:00:00,1.16472,1.16512,1.15774,1.16019,17808
2025.10.30 00:00:00,1.16016,1.16156,1.15965,1.16137,4430
2025.10.30 04:00:00,1.16136,1.16375,1.16065,1.16243,6990
2025.10.30 08:00:00,1.16242,1.16299,1.16071,1.16168,11486
2025.10.30 12:00:00,1.1617,1.162,1.1547,1.15796,14224
2025.10.30 16:00:00,1.15797,1.15863,1.15591,1.15662,11018
2025.10.30 20:00:00,1.15663,1.1571500000000001,1.15618,1.15684,4369
2025.10.31 00:00:00,1.15683,1.15775,1.15648,1.15672,4286
2025.10.31 04:00:00,1.15673,1.15747,1.15646,1.1568,5372
2025.10.31 08:00:00,1.1568100000000001,1.1577,1.15546,1.15763,10730
2025.10.31 12:00:00,1.15763,1.15764,1.15303,1.15387,11774
2025.10.31 16:00:00,1.15387,1.1543700000000001,1.15218,1.15243,14354
2025.10.31 20:00:00,1.1524,1.15388,1.15211,1.15361,4498
2025.11.03 00:00:00,1.1529099999999999,1.15388,1.15211,1.15275,6409
2025.11.03 04:00:00,1.15274,1.15378,1.1526,1.15354,4083
2025.11.03 08:00:00,1.1535199999999999,1.1541299999999999,1.15094,1.15147,10283
2025.11.03 12:00:00,1.15143,1.15224,1.15056,1.15113,9087
2025.11.03 16:00:00,1.15113,1.1538,1.15049,1.15274,12902
2025.11.03 20:00:00,1.15277,1.15313,1.1515,1.15187,5284
2025.11.04 00:00:00,1.15158,1.15211,1.14975,1.15102,6120
2025.11.04 04:00:00,1.15102,1.15179,1.1504699999999999,1.15127,5694
2025.11.04 08:00:00,1.15128,1.15339,1.14999,1.15011,11713
2025.11.04 12:00:00,1.15012,1.15101,1.14767,1.1492,13343
2025.11.04 16:00:00,1.14919,1.14971,1.14728,1.14842,13345
2025.11.04 20:00:00,1.14836,1.14873,1.14749,1.14821,6140
2025.11.05 00:00:00,1.1480299999999999,1.14981,1.14778,1.14893,6500
2025.11.05 04:00:00,1.14894,1.14944,1.14849,1.14914,5376
2025.11.05 08:00:00,1.1491500000000001,1.14956,1.14812,1.14847,11260
2025.11.05 12:00:00,1.14847,1.14938,1.14727,1.14738,12343
2025.11.05 16:00:00,1.14738,1.14934,1.14688,1.14807,15384
2025.11.05 20:00:00,1.14804,1.14935,1.14787,1.14924,5456
2025.11.06 00:00:00,1.14895,1.15091,1.14893,1.15072,4963
2025.11.06 04:00:00,1.1507100000000001,1.15112,1.15029,1.15104,4508
2025.11.06 08:00:00,1.15101,1.15241,1.15054,1.15134,9150
2025.11.06 12:00:00,1.15133,1.15443,1.151,1.15359,9807
2025.11.06 16:00:00,1.1536,1.15429,1.15189,1.15409,12047
2025.11.06 20:00:00,1.15411,1.15523,1.1539,1.15465,6384
2025.11.07 00:00:00,1.15357,1.15517,1.15357,1.15377,6670
2025.11.07 04:00:00,1.15378,1.15431,1.15321,1.15343,5525
2025.11.07 08:00:00,1.15344,1.15424,1.15293,1.15384,7998
2025.11.07 12:00:00,1.15383,1.15699,1.15372,1.15673,9469
2025.11.07 16:00:00,1.15674,1.15912,1.15652,1.15801,10613
2025.11.07 20:00:00,1.15799,1.1583700000000001,1.15554,1.15637,6106
2025.11.10 00:00:00,1.15545,1.15606,1.15415,1.15583,6495
2025.11.10 04:00:00,1.15582,1.15667,1.15511,1.15616,4441
2025.11.10 08:00:00,1.15615,1.15831,1.15511,1.1568,9528
2025.11.10 12:00:00,1.15679,1.15782,1.1554,1.15677,9142
2025.11.10 16:00:00,1.15678,1.15687,1.15408,1.15609,10492
2025.11.10 20:00:00,1.15608,1.1565,1.15542,1.15564,5180
2025.11.11 00:00:00,1.15531,1.15605,1.15464,1.15544,5225
2025.11.11 04:00:00,1.15544,1.1565400000000001,1.15515,1.15612,5155
2025.11.11 08:00:00,1.15613,1.15686,1.15493,1.15647,9214
2025.11.11 12:00:00,1.15645,1.16061,1.15623,1.16006,9710
2025.11.11 16:00:00,1.16007,1.16052,1.15905,1.15947,9716
2025.11.11 20:00:00,1.15945,1.1595900000000001,1.158,1.15818,5578
2025.11.12 00:00:00,1.15809,1.1587399999999999,1.1574200000000001,1.15756,5368
2025.11.12 04:00:00,1.15756,1.15816,1.15698,1.1576,4932
2025.11.12 08:00:00,1.15757,1.15886,1.15678,1.15702,8725
2025.11.12 12:00:00,1.15698,1.15805,1.15649,1.15724,9592
2025.11.12 16:00:00,1.15722,1.15981,1.15627,1.15933,10784
2025.11.12 20:00:00,1.15933,1.15945,1.15838,1.1592500000000001,5518
2025.11.13 00:00:00,1.15907,1.15944,1.15789,1.1589,5770
2025.11.13 04:00:00,1.15891,1.15931,1.15801,1.15821,5225
2025.11.13 08:00:00,1.1582,1.1635,1.1581,1.16168,10321
2025.11.13 12:00:00,1.16167,1.16252,1.16048,1.16202,9966
2025.11.13 16:00:00,1.1620300000000001,1.16564,1.16168,1.1650800000000001,12592
2025.11.13 20:00:00,1.16509,1.1652,1.16296,1.16338,6518
2025.11.14 00:00:00,1.16296,1.16392,1.16235,1.16336,6592
2025.11.14 04:00:00,1.1633499999999999,1.16482,1.16294,1.16474,6400
2025.11.14 08:00:00,1.16475,1.16489,1.16201,1.16221,11071
2025.11.14 12:00:00,1.16217,1.16539,1.16086,1.16379,11731
2025.11.14 16:00:00,1.1638,1.1638600000000001,1.16062,1.16143,12683
2025.11.14 20:00:00,1.16144,1.16232,1.16094,1.16201,6006
2025.11.17 00:00:00,1.16109,1.16248,1.1604700000000001,1.16061,7084
2025.11.17 04:00:00,1.16061,1.16068,1.1596,1.16006,6638
2025.11.17 08:00:00,1.16007,1.1615199999999999,1.15949,1.16016,10537
2025.11.17 12:00:00,1.16015,1.16083,1.15886,1.15915,9393
2025.11.17 16:00:00,1.15916,1.16021,1.15822,1.1593499999999999,9672
2025.11.17 20:00:00,1.15941,1.15953,1.15822,1.15916,7014
2025.11.18 00:00:00,1.1589,1.15942,1.15843,1.15905,5166
2025.11.18 04:00:00,1.15904,1.16033,1.15878,1.15982,6007
2025.11.18 08:00:00,1.15981,1.16064,1.15871,1.15892,8930
2025.11.18 12:00:00,1.15893,1.16022,1.15797,1.1597,10285
2025.11.18 16:00:00,1.15971,1.1608,1.15712,1.15751,11962
2025.11.18 20:00:00,1.15753,1.15873,1.15747,1.15797,5713
2025.11.19 00:00:00,1.15737,1.15851,1.15732,1.15763,5506
2025.11.19 04:00:00,1.15765,1.1591,1.15728,1.15893,5605
2025.11.19 08:00:00,1.15893,1.15975,1.15656,1.15735,9810
2025.11.19 12:00:00,1.15735,1.15911,1.15675,1.15726,9559
2025.11.19 16:00:00,1.15725,1.15741,1.15256,1.15334,12179
2025.11.19 20:00:00,1.15328,1.15381,1.15181,1.15378,7507
2025.11.20 00:00:00,1.15365,1.1542,1.15222,1.15231,5366
2025.11.20 04:00:00,1.1522999999999999,1.15237,1.15097,1.1515900000000001,5640
2025.11.20 08:00:00,1.15158,1.15279,1.15112,1.15273,9038
2025.11.20 12:00:00,1.15277,1.15395,1.15013,1.1528,12541
2025.11.20 16:00:00,1.15274,1.15501,1.1520299999999999,1.15289,14715
2025.11.20 20:00:00,1.15288,1.15408,1.15229,1.15279,7139
2025.11.21 00:00:00,1.15243,1.15385,1.15154,1.15324,6262
2025.11.21 04:00:00,1.1532499999999999,1.15421,1.15319,1.15354,5050
2025.11.21 08:00:00,1.15355,1.15526,1.15249,1.15249,10915
2025.11.21 12:00:00,1.15248,1.15273,1.14968,1.1521,12753
2025.11.21 16:00:00,1.15209,1.15235,1.14909,1.15067,13427
2025.11.21 20:00:00,1.15069,1.152,1.15016,1.15136,7222
2025.11.24 00:00:00,1.15097,1.15152,1.15021,1.15104,5182
2025.11.24 04:00:00,1.15105,1.1528100000000001,1.151,1.15221,7590
2025.11.24 08:00:00,1.15221,1.15346,1.15095,1.153,9918
2025.11.24 12:00:00,1.15301,1.15507,1.15297,1.15388,9562
2025.11.24 16:00:00,1.15387,1.15414,1.15113,1.15176,10500
2025.11.24 20:00:00,1.15176,1.15293,1.1516899999999999,1.15206,5686
2025.11.25 00:00:00,1.1518,1.15302,1.15153,1.15253,5290
2025.11.25 04:00:00,1.1525400000000001,1.15304,1.15114,1.15166,5066
2025.11.25 08:00:00,1.15165,1.15367,1.15144,1.15339,10247
2025.11.25 12:00:00,1.15338,1.15627,1.15246,1.15581,12736
2025.11.25 16:00:00,1.15581,1.15843,1.15499,1.1582,14442
2025.11.25 20:00:00,1.15824,1.1586,1.15582,1.15688,7134
2025.11.26 00:00:00,1.15675,1.15827,1.15631,1.1577,6228
2025.11.26 04:00:00,1.15768,1.15918,1.15744,1.15905,6625
2025.11.26 08:00:00,1.15904,1.1595900000000001,1.1565699999999999,1.15721,10399
2025.11.26 12:00:00,1.15724,1.15842,1.15485,1.15527,14524
2025.11.26 16:00:00,1.15526,1.1601,1.15469,1.15926,13117
2025.11.26 20:00:00,1.15932,1.15976,1.15888,1.15967,5458
2025.11.27 00:00:00,1.15887,1.16128,1.15814,1.16087,5279
2025.11.27 04:00:00,1.16089,1.16136,1.15997,1.16018,5792
2025.11.27 08:00:00,1.16021,1.16055,1.15764,1.15778,9138
2025.11.27 12:00:00,1.15778,1.15967,1.15769,1.15947,8938
2025.11.27 16:00:00,1.15948,1.16016,1.15904,1.15946,5669
2025.11.27 20:00:00,1.15946,1.15967,1.15912,1.15951,2390
2025.11.28 00:00:00,1.15923,1.16022,1.15819,1.15833,3824
2025.11.28 04:00:00,1.15832,1.1594,1.158,1.15895,17286
2025.11.28 08:00:00,1.15891,1.15905,1.15667,1.1569,26145
2025.11.28 12:00:00,1.15684,1.15785,1.15553,1.1575,16815
2025.11.28 16:00:00,1.15749,1.16077,1.1571,1.16024,11647
2025.11.28 20:00:00,1.16026,1.16048,1.15934,1.15983,5030
2025.12.01 00:00:00,1.15891,1.16161,1.15891,1.16053,9403
2025.12.01 04:00:00,1.16053,1.1606,1.15891,1.15974,5330
2025.12.01 08:00:00,1.15975,1.16238,1.15901,1.16224,10675
2025.12.01 12:00:00,1.16224,1.1652,1.16189,1.1644700000000001,10894
2025.12.01 16:00:00,1.16445,1.16453,1.16177,1.16209,12044
2025.12.01 20:00:00,1.1621,1.16237,1.16059,1.16085,5152
2025.12.02 00:00:00,1.1606,1.16114,1.16035,1.16088,3776
2025.12.02 04:00:00,1.16094,1.16143,1.16068,1.16102,3293
2025.12.02 08:00:00,1.16102,1.16164,1.16021,1.16102,8168
2025.12.02 12:00:00,1.16103,1.16198,1.15984,1.1617899999999999,9446
2025.12.02 16:00:00,1.1617899999999999,1.16235,1.15914,1.16075,12749
2025.12.02 20:00:00,1.16076,1.16262,1.16056,1.16243,6397
2025.12.03 00:00:00,1.16178,1.16379,1.16178,1.16366,5085
2025.12.03 04:00:00,1.16367,1.1644,1.16352,1.16422,4356
2025.12.03 08:00:00,1.16422,1.1653,1.16355,1.16454,10392
2025.12.03 12:00:00,1.16454,1.16756,1.16448,1.16661,10498
2025.12.03 16:00:00,1.16661,1.1671,1.16543,1.16682,13175
2025.12.03 20:00:00,1.16683,1.16781,1.16632,1.16703,5612
2025.12.04 00:00:00,1.1665,1.16741,1.16587,1.16632,5623
2025.12.04 04:00:00,1.16632,1.1663999999999999,1.16533,1.16596,6021
2025.12.04 08:00:00,1.16597,1.16822,1.16528,1.16773,9741
2025.12.04 12:00:00,1.16774,1.1681,1.16517,1.16651,11534
2025.12.04 16:00:00,1.16651,1.16771,1.16528,1.16565,11416
2025.12.04 20:00:00,1.16563,1.16599,1.16403,1.16443,5589
2025.12.05 00:00:00,1.16388,1.16539,1.16388,1.16537,4533
2025.12.05 04:00:00,1.16539,1.16591,1.16461,1.16588,4057
2025.12.05 08:00:00,1.16587,1.16718,1.1648100000000001,1.16543,9955
2025.12.05 12:00:00,1.16544,1.1656900000000001,1.16415,1.16514,9830
2025.12.05 16:00:00,1.16515,1.16599,1.16279,1.16438,12485
2025.12.05 20:00:00,1.16438,1.16487,1.16394,1.16424,4929
2025.12.08 00:00:00,1.16332,1.16535,1.16332,1.16517,7116
2025.12.08 04:00:00,1.1651799999999999,1.16564,1.1648399999999999,1.16563,6408
2025.12.08 08:00:00,1.16563,1.16722,1.16477,1.16485,10138
2025.12.08 12:00:00,1.1648399999999999,1.16576,1.16455,1.1648100000000001,10149
2025.12.08 16:00:00,1.1648,1.16549,1.16162,1.16388,13317
2025.12.08 20:00:00,1.16388,1.1642000000000001,1.1634,1.16366,5249
2025.12.09 00:00:00,1.16314,1.16477,1.16314,1.16468,4564
2025.12.09 04:00:00,1.16469,1.16506,1.16433,1.16486,4190
2025.12.09 08:00:00,1.1648399999999999,1.16571,1.1633499999999999,1.16521,9672
2025.12.09 12:00:00,1.1652,1.16539,1.16288,1.16342,10307
2025.12.09 16:00:00,1.16341,1.16414,1.16149,1.16244,12273
2025.12.09 20:00:00,1.16242,1.16321,1.16166,1.16257,5368
2025.12.10 00:00:00,1.1626,1.1629,1.16187,1.1623999999999999,4275
2025.12.10 04:00:00,1.16237,1.16311,1.16216,1.16294,4567
2025.12.10 08:00:00,1.16294,1.1658,1.16283,1.1637,8347
2025.12.10 12:00:00,1.16366,1.16426,1.16275,1.16404,10130
2025.12.10 16:00:00,1.16404,1.16604,1.16336,1.16584,11803
2025.12.10 20:00:00,1.16585,1.16999,1.16443,1.1695,17184
2025.12.11 00:00:00,1.16934,1.17075,1.16789,1.17013,6353
2025.12.11 04:00:00,1.17014,1.1706,1.1684700000000001,1.16852,5796
2025.12.11 08:00:00,1.16851,1.17069,1.16819,1.17022,10034
2025.12.11 12:00:00,1.17023,1.17365,1.16986,1.17314,11784
2025.12.11 16:00:00,1.17313,1.1763,1.17301,1.17548,13441
2025.12.11 20:00:00,1.17554,1.17596,1.17364,1.17381,6457
2025.12.12 00:00:00,1.17353,1.17465,1.17324,1.1734499999999999,4919
2025.12.12 04:00:00,1.17351,1.1739600000000001,1.17313,1.17389,4854
2025.12.12 08:00:00,1.17388,1.17434,1.17268,1.17328,9939
2025.12.12 12:00:00,1.17328,1.1735,1.17193,1.17272,10350
2025.12.12 16:00:00,1.17272,1.1748,1.1723,1.17476,15088
2025.12.12 20:00:00,1.17476,1.17497,1.17352,1.17402,7211
2025.12.15 00:00:00,1.17276,1.17423,1.17237,1.17413,3468
2025.12.15 04:00:00,1.17414,1.17446,1.17317,1.17342,5242
2025.12.15 08:00:00,1.17342,1.17434,1.17263,1.17431,8939
2025.12.15 12:00:00,1.17431,1.17597,1.1739,1.17474,8489
2025.12.15 16:00:00,1.17473,1.17688,1.1743999999999999,1.17458,15209
2025.12.15 20:00:00,1.17458,1.17536,1.17383,1.17515,5148
2025.12.16 00:00:00,1.17506,1.1757900000000001,1.17461,1.1751800000000001,5193
2025.12.16 04:00:00,1.1751800000000001,1.1759,1.1749100000000001,1.17504,4231
2025.12.16 08:00:00,1.17503,1.17639,1.17442,1.17566,9902
2025.12.16 12:00:00,1.17564,1.17947,1.17516,1.17756,17778
2025.12.16 16:00:00,1.17756,1.1804000000000001,1.17611,1.17637,18911
2025.12.16 20:00:00,1.17638,1.17638,1.17346,1.17462,9142
2025.12.17 00:00:00,1.17462,1.17521,1.1745,1.17471,3843
2025.12.17 04:00:00,1.17471,1.17478,1.1724700000000001,1.17289,5294
2025.12.17 08:00:00,1.17289,1.17304,1.1703000000000001,1.17158,13429
2025.12.17 12:00:00,1.17158,1.17332,1.17076,1.17317,12793
2025.12.17 16:00:00,1.17317,1.1758,1.1728,1.17492,15771
2025.12.17 20:00:00,1.17492,1.17555,1.17383,1.17399,5728
2025.12.18 00:00:00,1.17398,1.17456,1.1735,1.17384,3713
2025.12.18 04:00:00,1.17383,1.1746699999999999,1.17367,1.1745700000000001,4193
2025.12.18 08:00:00,1.1745700000000001,1.17494,1.17172,1.17219,10192
2025.12.18 12:00:00,1.17219,1.17628,1.17122,1.1746699999999999,18138
2025.12.18 16:00:00,1.1746699999999999,1.17556,1.1715,1.17187,21538
2025.12.18 20:00:00,1.17187,1.17276,1.1715200000000001,1.17216,5697
2025.12.19 00:00:00,1.1721,1.17286,1.17176,1.17241,4629
2025.12.19 04:00:00,1.17241,1.17283,1.17154,1.17198,4873
2025.12.19 08:00:00,1.17198,1.1721300000000001,1.17032,1.1712,11393
2025.12.19 12:00:00,1.17121,1.17194,1.17026,1.17192,11176
2025.12.19 16:00:00,1.17193,1.17377,1.17083,1.17192,14346
2025.12.19 20:00:00,1.17192,1.17272,1.17058,1.1709100000000001,6329
2025.12.22 00:00:00,1.1712,1.17192,1.1706,1.17171,5368
2025.12.22 04:00:00,1.17172,1.1722,1.17134,1.17172,3498
2025.12.22 08:00:00,1.17172,1.17381,1.17127,1.173,8639
2025.12.22 12:00:00,1.173,1.17543,1.17286,1.17505,10087
2025.12.22 16:00:00,1.17505,1.17692,1.17449,1.17581,10931
2025.12.22 20:00:00,1.17581,1.17621,1.17487,1.176,4318
2025.12.23 00:00:00,1.176,1.17759,1.1755200000000001,1.17728,5365
2025.12.23 04:00:00,1.17728,1.17803,1.17723,1.17748,4840
2025.12.23 08:00:00,1.17748,1.1792799999999999,1.1768399999999999,1.17926,9861
2025.12.23 12:00:00,1.17926,1.18019,1.17742,1.17747,11251
2025.12.23 16:00:00,1.17747,1.17803,1.17639,1.17708,13173
2025.12.23 20:00:00,1.17708,1.17967,1.17695,1.17942,7221
2025.12.24 00:00:00,1.17941,1.18062,1.17801,1.1804999999999999,5178
2025.12.24 04:00:00,1.1804999999999999,1.1807699999999999,1.1785700000000001,1.1798899999999999,5560
2025.12.24 08:00:00,1.1798899999999999,1.18038,1.1779600000000001,1.17995,12469
2025.12.24 12:00:00,1.17995,1.17999,1.17837,1.17852,12760
2025.12.24 16:00:00,1.17852,1.17868,1.17726,1.17765,14035
2025.12.24 20:00:00,1.17765,1.17821,1.17742,1.17764,5549
2025.12.26 00:00:00,1.17769,1.17919,1.17764,1.1787,15541
2025.12.26 04:00:00,1.1787,1.17934,1.17797,1.17859,6727
2025.12.26 08:00:00,1.17859,1.17876,1.17664,1.1770100000000001,10891
2025.12.26 12:00:00,1.1770100000000001,1.17967,1.1769,1.17913,11557
2025.12.26 16:00:00,1.17915,1.17945,1.17615,1.1770100000000001,16225
2025.12.26 20:00:00,1.17702,1.17816,1.17655,1.17712,9021
2025.12.29 00:00:00,1.17631,1.17862,1.17631,1.1784,5172
2025.12.29 04:00:00,1.1784,1.1785,1.17537,1.17559,5364
2025.12.29 08:00:00,1.1756,1.1789,1.17541,1.1776200000000001,14106
2025.12.29 12:00:00,1.1776200000000001,1.17801,1.17554,1.17696,16756
2025.12.29 16:00:00,1.17696,1.17886,1.17494,1.1752,20861
2025.12.29 20:00:00,1.1752,1.17744,1.17505,1.17721,6950
2025.12.30 00:00:00,1.17714,1.1775,1.17649,1.17748,3950
2025.12.30 04:00:00,1.17748,1.17788,1.17703,1.1775,3823
2025.12.30 08:00:00,1.1775,1.1779600000000001,1.17641,1.17689,11062
2025.12.30 12:00:00,1.17689,1.17773,1.1755200000000001,1.17632,13844
2025.12.30 16:00:00,1.17632,1.17666,1.17452,1.17559,16927
2025.12.30 20:00:00,1.17559,1.17593,1.17432,1.17476,6788
2025.12.31 00:00:00,1.17476,1.17488,1.17415,1.17424,3495
2025.12.31 04:00:00,1.17424,1.17434,1.17329,1.17383,4288
2025.12.31 08:00:00,1.17383,1.17398,1.17199,1.17349,10584
2025.12.31 12:00:00,1.17349,1.17593,1.17285,1.17418,15338
2025.12.31 16:00:00,1.17418,1.17487,1.17202,1.17358,20711
2025.12.31 20:00:00,1.17358,1.17531,1.17301,1.17455,7809
